site,date,sheet,time,transect,station,species,sex,repro,mass,length,tag,nc_rc
beach,2023-05-30,1,,c,18,pele,f,p,16,125,362,nc
beach,2023-05-31,1,08:46,c,18,pele,f,nr,17,121,362,rc
beach,2023-06-01,1,,c,18,pele,f,nr,16,120,362,rc
beach,2023-06-02,1,,c,18,pele,f,nr,16,125,362,rc
beach,2023-06-02,1,,c,18,pele,f,nr,16,120,362,rc
beach,2023-05-30,1,,c,5,pele,f,p,16,130,393,nc
beach,2023-06-02,1,,c,9,pele,f,nr,9,113,393,rc
beach,2023-05-31,1,08:33,c,11,pele,f,nr,15,136,393,rc
beach,2023-05-30,1,,d,10,pele,m,nr,16.5,134,396,
beach,2023-05-31,1,09:09,d,10,pele,m,nr,15,130,396,
beach,2023-06-01,1,,d,12,pele,m,nr,17,135,396,rc
beach,2023-06-02,1,,d,12,pele,m,nr,17,135,396,
beach,2023-05-30,1,,d,16,pele,f,nr,21.5,154,578,nc
beach,2023-06-01,1,,d,10,pele,f,p,23.5,160,582,
beach,2023-06-02,1,,d,10,pele,f,p,23.5,160,582,
beach,2023-05-31,1,09:12,d,13,pele,m,nr,16,135,584,nc
beach,2023-05-31,1,08:35,c,14,pele,m,nr,17,142,587,rc
beach,2023-05-30,1,,c,17,pele,m,nr,17,136,587,nc
beach,2023-05-30,1,,c,9,pele,m,nr,21,155,588,nc
beach,2023-06-01,1,,a,9,pele,m,nr,16.5,142,589,rc
beach,2023-06-02,1,,a,9,pele,m,nr,16.5,142,589,rc
beach,2023-05-31,1,07:57,a,12,pele,m,nr,18,142,589,nc
beach,2023-06-02,1,,a,17,pele,m,nr,,,589,rc
beach,2023-05-31,1,08:47,c,20,pele,f,nr,20,145,596,nc
beach,2023-06-01,1,,a,17,pele,f,p,17.5,138,598,nc
beach,2023-06-02,1,,a,17,pele,f,pl,17.5,138,598,rc
beach,2023-05-31,1,09:09,d,10,pele,f,p,25,150,682,
beach,2023-06-02,1,,c,13,unkn,NA,NA,NA,NA,9901,
beach,2023-05-31,1,08:01,b,12,blca,f,nr,17,100,no tag,
cb,2023-06-15,1,,d,16,pego,m,nr,26.5,177,166,nc
cb,2023-06-16,1,,d,16,pego,m,nr,29,164,166,rc
cb,2023-06-13,1,,c,8,pego,m,nr,19,145,167,nc
cb,2023-06-14,2,,c,8,pego,,,,,167,rc
cb,2023-06-15,1,,c,15,sihi,m,s,85.5,233,170,nc
cb,2023-06-14,1,,a,15,pego,m,nr,28,175,306,nc
cb,2023-06-16,1,,b,7,pego,m,nr,29.5,,306,rc
cb,2023-06-14,2,,c,9,pego,f,p,27,168,577,nc
clark,2023-06-10,1,,a,6,pele,m,nr,18.5,150,157,nc
clark,2023-06-08,1,,b,11,pele,f,nr,23,152,172,rc
clark,2023-06-10,2,,b,13,pele,f,p,23,163,172,rc
clark,2023-06-07,1,,b,20,pele,f,nr,20.5,165,172,nc
clark,2023-06-09,2,,b,20,pele,f,p,21.5,152,172,rc
clark,2023-06-07,1,,b,17,pele,f,nr,19,155,173,nc
clark,2023-06-10,2,,b,17,pele,f,p,20,160,173,rc
clark,2023-06-09,1,,b,3,pele,u,nr,20,140,174,rc
clark,2023-06-08,1,,b,4,pele,f,nr,20.5,139,174,rc
clark,2023-06-10,1,,b,4,pele,,,19.5,,174,rc
clark,2023-06-07,1,,b,5,pele,m,nr,23,149,174,nc
clark,2023-06-07,1,,b,4,pele,f,nr,18.5,148,175,nc
clark,2023-06-08,1,,b,5,pele,m,nr,21,139,175,rc
clark,2023-06-09,1,,b,5,pele,u,?,19.5,140,175,rc
clark,2023-06-07,1,,b,1,pele,f,p,19.5,154,317,nc
clark,2023-06-08,1,,b,2,pele,f,nr,22,145,317,rc
clark,2023-06-09,1,,b,2,pele,f,nr,20,150,317,rc
clark,2023-06-07,1,,a,4,pele,m,nr,18,150,333,nc
clark,2023-06-08,1,,a,11,pele,m,nr,19,135,333,rc
clark,2023-06-10,1,,a,2,pele,f,nr,20,146,343,nc
clark,2023-06-07,1,,a,9,pele,m,j,12.5,126,382,nc
clark,2023-06-08,1,,a,9,pele,m,j,12,120,382,rc
clark,2023-06-10,1,,a,11,pele,m,j,13.5,130,382,rc
clark,2023-06-07,1,,a,19,pele,m,nr,16,144,383,nc
clark,2023-06-09,1,,a,19,pele,m,nr,18,123,383,rc
clark,2023-06-07,1,,a,16,pele,m,nr,17,140,390,nc
clark,2023-06-08,1,,a,17,pele,m,nr,14,140,390,rc
clark,2023-06-09,1,,a,17,pele,m,nr,15,137,390,rc
clark,2023-06-10,1,,a,19,pele,m,nr,14,135,390,rc
clark,2023-06-07,1,,a,20,pele,m,nr,20,138,391,nc
clark,2023-06-08,1,,a,20,pele,m,nr,19.5,132,391,rc
clark,2023-06-10,1,,a,20,pele,m,nr,19.5,135,391,rc
clark,2023-06-09,1,,b,18,pele,m,nr,16,136,501,nc
clark,2023-06-10,2,,b,18,pele,m,nr,15,145,501,rc
clark,2023-06-10,1,,a,5,pele,f,j,11.5,120,502,nc
clark,2023-06-09,2,,c,5,pele,f,nr,16,133,510,nc
clark,2023-06-10,2,,c,5,pele,f,nr,16.5,141,510,rc
clark,2023-06-09,2,,c,5,pele,m,nr,19.5,142,511,nc
clark,2023-06-10,2,,c,5,pele,,,,,511,rc
clark,2023-06-10,1,,a,9,pele,m,nr,16,144,519,nc
clark,2023-06-10,2,,b,20,pele,m,j,15,135,522,nc
clark,2023-06-10,2,,b,5,pele,f,nr,15,134,575,rc
clark,2023-06-09,1,,b,7,pele,f,nr,15.5,153,575,nc
clark,2023-06-09,1,,a,2,pele,f,p,18,135,579,nc
clark,2023-06-08,1,,b,14,pele,m,nr,21,145,580,nc
clark,2023-06-10,2,,b,14,pele,m,nr,20,160,580,rc
clark,2023-06-09,2,,b,20,pele,m,nr,21,160,580,rc
clark,2023-06-08,2,,c,9,pele,m,nr,15.5,130,585,nc
clark,2023-06-09,2,,c,9,pele,m,nr,15,133,585,rc
clark,2023-06-10,2,,c,10,pele,m,nr,14,144,585,rc
clark,2023-06-10,1,,b,5,pele,f,nr,14.5,141,586,rc
clark,2023-06-08,1,,b,7,pele,f,nr,15,130,586,nc
clark,2023-06-09,1,,b,7,pele,f,p,15,130,586,rc
clark,2023-06-09,2,,d,6,pele,m,nr,15,143,597,rc
clark,2023-06-07,2,,d,7,pele,m,nr,15,136,597,nc
clark,2023-06-08,2,,d,17,pele,m,nr,17.5,140,597,rc
clark,2023-06-09,1,,a,1,pele,m,nr,17.5,145,599,nc
clark,2023-06-10,1,,a,1,pele,m,nr,16,131,599,rc
disc,2023-07-25,2,,d,16,pele,m,s,24,159,1201,nc
disc,2023-07-28,2,,d,18,pele,m,ss,22.5,169,1201,
disc,2023-07-26,2,,d,19,pele,m,nr,23.5,163,1201,
disc,2023-07-27,2,,d,10,pele,f,nr,12,143,1202,rc
disc,2023-07-25,2,,d,13,pele,f,nr,15.5,159,1202,nc
disc,2023-07-26,2,,d,13,pele,f,nr,15,149,1202,rc
disc,2023-07-28,2,,d,13,pele,f,nr,12,160,1202,rc
disc,2023-07-25,2,,d,10,pele,m,s,17.5,154,1203,nc
disc,2023-07-26,2,,d,10,pele,m,nr,16,155,1203,rc
disc,2023-07-27,2,,d,10,pele,m,nr,15.5,160,1203,rc
disc,2023-07-28,2,,d,10,pele,m,ss,14.5,158,1203,rc
disc,2023-07-26,2,,c,2,pele,f,nr,16,140,1204,rc
disc,2023-07-25,2,,c,4,pele,f,nr,14.5,134,1204,nc
disc,2023-07-27,2,,c,4,pele,f,nr,15.5,150,1204,rc
disc,2023-07-28,2,,c,4,pele,f,p,17.5,142,1204,rc
disc,2023-07-25,2,,c,3,pele,m,nr,17,141,1205,nc
disc,2023-07-26,na,,c,5,pele,m,ss,15.5,,1205,rc
disc,2023-07-27,2,,c,2,pele,m,ss,18,160,1206,rc
disc,2023-07-28,2,,c,2,pele,m,ss,20,169,1206,
disc,2023-07-25,2,,c,3,pele,m,s,18.5,155,1206,nc
disc,2023-07-26,2,,c,4,pele,m,s,20,160,1206,rc
disc,2023-07-27,2,,d,20,pele,f,p,24,140,1211,
disc,2023-07-27,1,,a,11,pele,m,nr,15,143,1526,rc
disc,2023-07-26,1,,a,12,pele,m,ss,15,144,1526,rc
disc,2023-07-25,1,,a,15,pele,m,nr,16,145,1526,nc
disc,2023-07-28,1,,a,16,pele,m,ss,14.5,143,1526,rc
disc,2023-07-25,1,,a,4,pele,m,nr,21,150,1530,nc
disc,2023-07-26,1,,a,7,pele,m,s,21,155,1530,rc
disc,2023-07-27,1,,a,7,pele,m,nr,21,140,1530,rc
disc,2023-07-28,1,,a,8,pele,m,nr,16,130,1530,rc
disc,2023-07-27,1,,a,15,pele,f,nr,21,150,1531,nc
disc,2023-07-28,1,,a,16,pele,f,p,19,146,1531,rc
disc,2023-07-25,1,,a,5,pele,f,p,15,135,1535,nc
disc,2023-07-28,1,,a,5,pele,f,nr,14,135,1535,rc
disc,2023-07-28,2,,c,8,pele,m,nr,15,139,1540,rc
disc,2023-07-27,2,,c,9,pele,m,s,15.5,145,1540,rc
disc,2023-07-26,2,,c,10,pele,m,s,18,145,1540,nc
disc,2023-07-28,1,,a,7,pele,f,nr,17,145,1547,rc
disc,2023-07-25,1,,a,8,pele,f,p,19.5,155,1547,nc
disc,2023-07-26,1,,a,8,pele,f,nr,18,145,1547,rc
disc,2023-07-27,1,,a,10,pele,f,p,16.5,153,1547,rc
disc,2023-07-27,1,,b,11,pele,m,nr,18.5,142,1548,nc
disc,2023-07-28,1,,b,19,pele,m,ss,16,145,1548,rc
disc,2023-07-26,2,,d,18,pele,f,nr,14,124,1549,nc
disc,2023-07-27,2,,d,18,pele,f,p,13,125,1549,rc
disc,2023-07-28,2,,d,18,pele,f,pl,11.5,125,1549,rc
disc,2023-07-27,1,,a,12,pele,f,nr,15,140,1581,rc
disc,2023-07-25,1,,a,15,pele,f,nr,14,145,1581,nc
disc,2023-07-26,1,,a,15,pele,f,nr,14.5,143,1581,rc
disc,2023-07-27,1,,a,7,pele,m,nr,15.5,140,1588,rc
disc,2023-07-25,1,,a,8,pele,m,nr,14.5,142,1588,nc
disc,2023-07-28,1,,a,10,pele,m,nr,13.5,144,1588,rc
disc,2023-07-27,2,,b,5,pele,f,u,18,143,1713,rc
disc,2023-07-28,1,,b,7,pele,f,p,17.5,150,1713,rc
disc,2023-07-26,1,,b,10,pele,f,p,19,144,1713,nc
disc,2023-07-26,1,,a,17,pele,m,ss,19,155,1716,nc
disc,2023-07-27,1,,a,17,pele,m,nr,20,141,1716,rc
disc,2023-07-28,1,,a,20,pele,m,ss,17.5,135,1716,rc
disc,2023-07-28,1,,b,17,pele,f,p,10.5,136,1718,rc
disc,2023-07-26,1,,b,19,pele,f,p,16.5,137,1718,nc
disc,2023-07-27,1,,b,19,pele,f,p,15,133,1718,rc
expo,2023-07-14,4,,a,3,pele,m,nr,20,143,113,nc
expo,2023-07-14,2,,c,13,pele,m,nr,19,159,114,nc
expo,2023-07-14,2,,c,8,mipi,f,nr,17,105,116,nc
expo,2023-07-14,3,,b,9,pele,m,nr,22.5,150,129,rc
expo,2023-07-12,1,,b,11,pele,m,nr,21,139,129,rc
expo,2023-07-11,1,,b,12,pele,m,nr,22.5,140,129,nc
expo,2023-07-12,1,,d,5,pele,m,nr,22.5,152,130,nc
expo,2023-07-13,3,,d,9,pele,f,nr,24,142,131,rc
expo,2023-07-11,2,,d,11,pele,m,?p,16.5,154,131,nc
expo,2023-07-12,3,,d,11,pele,f,?,26,145,131,rc
expo,2023-07-14,1,,d,14,pele,f,nr,22,150,131,rc
expo,2023-07-13,1,,b,15,pele,m,nr,23.5,140,132,rc
expo,2023-07-12,2,,c,17,pele,f,p,18,133,132,rc
expo,2023-07-14,3,,c,18,pele,f,p?,20,144,132,rc
expo,2023-07-11,2,,c,20,pele,f,p,17.5,142,132,nc
expo,2023-07-11,1,,b,13,pele,f,p,16.5,147,133,nc
expo,2023-07-14,3,,b,13,pele,f,nr,20,133,133,rc
expo,2023-07-11,1,,d,3,pele,f,p,18,140,135,nc
expo,2023-07-12,1,,d,3,pele,f,p,17.5,142,135,rc
expo,2023-07-13,2,,d,3,pele,f,p,17,144,135,rc
expo,2023-07-11,1,,b,1,pele,m,?,19,150,136,nc
expo,2023-07-14,1,,d,1,pele,m,ss,21.5,154,137,rc
expo,2023-07-12,1,,d,3,pele,m,ss,21.5,162,137,nc
expo,2023-07-13,2,,d,4,pele,m,nr,22.5,155,137,rc
expo,2023-07-13,1,,a,8,pele,f,p,22,165,138,rc
expo,2023-07-11,1,,a,16,pele,f,p,22,160,138,nc
expo,2023-07-12,1,,a,18,pele,f,p?,20.5,152,138,rc
expo,2023-07-13,3,,d,18,pele,f,nr,15,84,139,rc
expo,2023-07-11,2,,d,19,pele,f,nr,18,90,139,nc
expo,2023-07-12,2,,d,19,pele,f,nr,16.5,83,139,rc
expo,2023-07-14,1,,d,19,pele,f,nr,15,85,139,rc
expo,2023-07-13,1,,b,5,pele,f,p,19.5,150,141,nc
expo,2023-07-14,3,,b,7,pele,f,p,20,155,141,rc
expo,2023-07-11,2,,c,12,pele,f,nr,17.5,153,142,nc
expo,2023-07-14,2,,c,12,pele,f,nr,16,148,142,rc
expo,2023-07-12,2,,c,16,pele,f,nr,17.5,150,142,rc
expo,2023-07-11,2,,d,11,pele,f,p,22.5,154,146,nc
expo,2023-07-12,2,,d,11,pele,m,ss,19,147,146,rc
expo,2023-07-14,3,,b,10,pele,f,nr,18,140,147,rc
expo,2023-07-13,1,,b,13,pele,f,p,21,152,147,nc
expo,2023-07-12,1,,d,7,pele,f,nr,17,141,148,nc
expo,2023-07-14,1,,d,7,pele,f,nr,16,,148,rc
expo,2023-07-13,3,,d,8,pele,m?,nr,16,143,148,rc
expo,2023-07-14,3,,b,1,pele,m,nr,20,158,152,rc
expo,2023-07-12,1,,b,7,pele,m,nr,22,154,152,nc
expo,2023-07-13,1,,b,7,pele,m,nr,17,158,152,rc
expo,2023-07-11,2,,d,13,pele,m,s,21,150,532,nc
expo,2023-07-13,3,,d,15,pele,m,ss,21.5,154,532,rc
expo,2023-07-11,1,,a,8,pele,m,nr,21.5,152,533,nc
expo,2023-07-11,3,,c,12,pele,m,nr,17.5,134,534,nc
expo,2023-07-12,1,,a,8,pele,f,p?,20,155,535,rc
expo,2023-07-11,1,,a,9,pele,f,p,21,145,535,nc
expo,2023-07-13,1,,a,16,pele,f,p,22.5,161,535,rc
expo,2023-07-11,1,,b,17,pele,m,ss,17.5,125,536,nc
expo,2023-07-13,1,,a,4,pele,m,ss,17,145,537,rc
expo,2023-07-14,4,,a,8,pele,m,s,18,144,537,rc
expo,2023-07-11,1,,a,20,pele,m,s,18,135,537,nc
expo,2023-07-11,2,,d,9,pele,m,s,21.5,120,556,nc
expo,2023-07-12,3,,d,9,pele,f,p,22,120,556,rc
expo,2023-07-14,1,,d,9,pele,m,ss,21,127,556,rc
expo,2023-07-13,3,,d,12,pele,m,nr?,22,132,556,rc
expo,2023-07-11,2,,d,18,pele,m,nr,19.5,136,557,nc
expo,2023-07-12,2,,d,18,pele,m,nr,19.5,140,557,rc
expo,2023-07-14,1,,d,18,pele,m,nr,15.5,145,557,rc
expo,2023-07-13,3,,d,19,pele,m,nr,17,143,557,rc
expo,2023-07-11,1,,b,17,pele,m,nr,19,140,558,nc
expo,2023-07-12,1,,b,17,pele,m,nr,17.5,151,558,rc
expo,2023-07-11,2,,d,8,pele,m,nr,22,160,560,nc
expo,2023-07-12,3,,d,8,pele,m,nr,21.5,145,560,rc
expo,2023-07-13,3,,d,9,pele,m,nr,19.5,144,560,rc
expo,2023-07-14,1,,d,9,pele,m,nr,21,137,560,rc
expo,2023-07-11,2,,d,7,pele,m,ss,17,147,562,nc
expo,2023-07-13,3,,d,7,pele,m,ss,17.5,144,562,rc
expo,2023-07-12,3,,d,8,pele,m,nr,18.5,151,562,rc
expo,2023-07-14,1,,d,8,pele,m,nr,18,146,562,rc
expo,2023-07-12,2,,c,1,pele,f,u,19,138,573,nc
expo,2023-07-13,2,,c,3,pele,f,p?,17,142,573,rc
expo,2023-07-14,2,,c,4,pele,f,nr,18,134,573,rc
expo,2023-07-14,2,,c,5,pele,m,nr,23,140,777,nc
expo,2023-07-14,3,,c,20,mipi,f,p,20,105,1550,nc
expo,2023-07-13,1,,b,15,pele,f,nr,18,159,1575,nc
expo,2023-07-14,4,,a,4,pele,m,nr,17,139,1576,rc
expo,2023-07-13,1,,a,20,pele,m,ss,17.5,154,1576,nc
expo,2023-07-14,2,,c,3,pele,f,nr,14,146,1578,rc
expo,2023-07-13,2,,c,9,pele,m,nr,17,147,1578,nc
expo,2023-07-14,2,,b,18,pele,f,nr,21,140,1580,nc
expo,2023-07-13,2,,d,6,mipi,m?,nr,27,105,1582,
expo,2023-07-13,3,,d,16,pele,f,p,24,170,1583,
expo,2023-07-14,3,,c,17,mipi,m,s,24,90,1585,nc
expo,2023-07-14,2,,c,16,tast,m,nr,100.5,190,1586,rc
expo,2023-07-14,4,,a,5,pele,f,p,19.5,152,1591,nc
expo,2023-07-14,4,,a,6,tast,f,nr,95,115,1592,nc
expo,2023-07-14,1,,d,1,pele,m,nr,17,139,1596,nc
expo,2023-07-13,3,,d,6,mipi,f,p,29,100,1597,nc
expo,2023-07-13,2,,c,4,mipi,f,p,28.5,90,1598,nc
expo,2023-07-14,2,,c,11,pele,f,nr,23,162,1599,rc
expo,2023-07-13,2,,c,12,pele,f,p,21.5,169,1599,nc
expo,2023-07-13,2,,c,20,pele,m,nr,19,150,1600,nc
expo,2023-07-12,2,,c,6,mipi,m,nr,20,105,1776,nc
expo,2023-07-12,2,,c,11,pele,m,ss,21.5,147,1777,nc
expo,2023-07-13,2,,c,11,pele,m,ss,20.5,150,1777,rc
expo,2023-07-12,2,,c,15,mipi,f,p,27.5,105,1778,nc
expo,2023-07-12,2,,c,18,pele,m,ss,25.5,160,1779,nc
expo,2023-07-14,3,,c,18,pele,m,s,27,161,1779,rc
expo,2023-07-13,1,,b,18,pele,m,ss,17.5,140,536,rc
expo,2023-07-14,2,,a,16,blca,f,nr,16,101,,
expo,2023-07-14,3,,b,8,blca,m,nr,14,,,
expo,2023-07-13,2,,c,16,pele,m,nr,,,,
expo,2023-07-14,1,,d,3,pele,,,16,,,
fern,2023-08-10,2,,b,3,pele,m,ss,12.5,126,1207,rc
fern,2023-08-11,1,,b,4,pele,m,ss,14,132,1207,rc
fern,2023-08-12,1,,b,4,pele,m,ss,13,137,1207,rc
fern,2023-08-09,1,,b,5,pele,m,ss,12,122,1207,nc
fern,2023-08-11,1,,b,7,pele,f,pl,19.5,139,1208,nc
fern,2023-08-11,1,,d,19,pele,m,s,17,146,1209,rc
fern,2023-08-10,2,,d,20,pele,m,s,20,145,1209,nc
fern,2023-08-12,1,,d,20,pele,m,ss,19,141,1209,rc
fern,2023-08-10,2,,c,19,pele,m,ss,16,139,1210,nc
fern,2023-08-11,1,,d,16,pele,f,p,17.5,140,1212,rc
fern,2023-08-09,1,,d,17,pele,f,pl,19,143,1212,nc
fern,2023-08-10,2,,b,3,pele,f,j,9,108,1213,nc
fern,2023-08-10,1,,a,10,pele,m,s,16,155,1214,rc
fern,2023-08-09,1,,a,12,pele,m,s,19,140,1214,nc
fern,2023-08-11,2,,a,14,pele,m,s,22,158,1214,rc
fern,2023-08-10,2,,c,15,pele,m,s,17.5,142,1215,nc
fern,2023-08-09,1,,c,5,pele,m,ss,19,150,1218,nc
fern,2023-08-11,1,,c,6,pele,m,s,20,153,1218,rc
fern,2023-08-12,1,,d,18,pele,m,s,16.5,139,1220,nc
fern,2023-08-12,1,,b,10,pele,m,j,7.5,96,1221,nc
fern,2023-08-10,2,,d,19,pele,f,j,20.5,110,1224,nc
fern,2023-08-11,1,,d,20,pele,f,j,10,120,1224,rc
fern,2023-08-12,1,,d,12,pele,f,pl,18.5,140,1225,nc
fern,2023-08-10,1,,a,6,pele,m,s,17,141,1226,rc
fern,2023-08-09,1,,a,7,pele,m,s,17.5,131,1226,nc
fern,2023-08-11,1,,c,19,pele,f,nr,13,134,1227,rc
fern,2023-08-10,2,,c,20,pele,f,p,11.5,130,1227,nc
fern,2023-08-12,2,,c,20,pele,f,nr,14,151,1227,rc
fern,2023-08-09,1,,a,5,pele,m,s,20,145,1228,nc
fern,2023-08-10,1,,a,7,pele,m,s,19.5,153,1229,rc
fern,2023-08-09,1,,a,10,pele,m,s,19.5,145,1229,nc
fern,2023-08-10,2,,b,5,pele,m,s,18,127,1230,nc
fern,2023-08-11,1,,b,5,pele,m,s,18,132,1230,rc
fern,2023-08-12,1,,b,5,pele,m,s,17.5,141,1230,rc
fern,2023-08-10,2,,c,6,pele,m,nr,16,140,1237,nc
fern,2023-08-12,2,,c,6,pele,m,nr,16.5,144,1237,rc
fern,2023-08-12,2,,c,17,pele,f,p,18,155,1243,rc
fern,2023-08-10,2,,c,18,pele,f,p,17.5,145,1243,nc
fern,2023-08-12,1,,b,15,pele,m,s,19,148,1244,rc
fern,2023-08-11,1,,d,1,pele,m,s,18.5,150,1244,nc
fern,2023-08-11,2,,a,19,pele,m,s,18,155,1505,nc
fern,2023-08-12,1,,d,11,pele,m,ss,15.5,145,1507,nc
fern,2023-08-11,1,,a,12,tast,f,nr,105.5,241,1509,nc
fern,2023-08-11,2,,a,20,pele,m,s,15,141,1511,nc
fern,2023-08-12,3,,a,5,tast,f,nr,87.5,195,1516,rc
fern,2023-08-11,2,,a,8,tast,f,j,87.5,205,1516,nc
fern,2023-08-11,2,,a,17,tast,,,77.5,,1517,nc
fern,2023-08-12,3,,a,20,tast,m,j,75,230,1517,rc
fern,2023-08-12,2,,a,2,tast,m,s,120,220,1519,nc
fern,2023-08-12,1,,d,10,pele,m,s,15,144,1521,nc
fern,2023-08-12,1,,d,4,pele,f,pl,18.5,147,1524,nc
fern,2023-08-10,1,,a,16,pele,f,p,15,145,1525,nc
fern,2023-08-11,2,,a,16,pele,f,p,14.5,140,1525,rc
fern,2023-08-09,1,,c,6,pele,f,p,19,150,1533,nc
fern,2023-08-12,2,,c,7,pele,f,pl,20.5,137,1533,rc
fern,2023-08-10,1,,a,4,tast,f,nr,114,230,1536,nc
fern,2023-08-10,1,,a,5,pele,f,nr,93,240,1539,nc
fern,2023-08-11,2,,a,1,pele,m,s,15.5,142,1544,rc
fern,2023-08-10,1,,a,3,pele,m,s,14.5,145,1544,rc
fern,2023-08-09,2,,a,4,pele,m,s,15.5,152,1544,nc
fern,2023-08-10,1,,a,14,pele,m,s,17.5,144,1546,rc
fern,2023-08-11,2,,a,15,pele,m,s,18.5,150,1546,rc
fern,2023-08-09,1,,a,17,pele,m,s,18,148,1546,nc
fern,2023-08-09,2,,a,4,pele,f,p,23.5,149,1574,nc
fern,2023-08-10,1,,a,4,pele,f,p,18.5,148,1574,rc
fern,2023-08-11,2,,a,4,pele,f,pl,19.5,150,1574,rc
fern,2023-08-09,1,,c,5,pele,f,p,17.5,135,1707,nc
fern,2023-08-12,2,,c,6,pele,f,p,18.5,142,1707,rc
fern,2023-08-12,2,,a,12,pele,f,p,16,138,1753,nc
fern,2023-08-12,2,,a,6,pele,f,p,18,143,1765,nc
fern,2023-08-12,2,,a,19,pele,m,s,17.5,139,1769,nc
fern,2023-08-12,2,,a,10,pele,,,,,9902,
field,2023-05-10,4,,d,1,rano,m,s,126,390,24,rc
field,2023-05-09,2,,e,2,rano,m,s,135.5,,24,nc
field,2023-05-10,2,,c,2,pele,m,nr,18.5,122,25,nc
field,2023-05-11,1,,c,2,pele,m,nr,22,122,25,rc
field,2023-05-12,2,,c,3,pele,f,p,21.5,136,25,rc
field,2023-05-12,1,,a,5,sihi,m,s,125.5,260,375,nc
field,2023-05-12,1,,a,1,sihi,m,j,18,140,401,nc
field,2023-05-12,3,,e,16,pele,m,nr,16.5,145,402,rc
field,2023-05-10,3,,e,19,pele,f,nr,20.5,147,402,nc
field,2023-05-11,3,,e,19,pele,f,p,19.5,137,402,rc
field,2023-05-12,3,,e,4,tast,f,pl,95.5,203,407,rc
field,2023-05-10,3,,e,5,tast,f,nr,106,260,407,nc
field,2023-05-11,3,,e,6,tast,f,nr,105.5,255,407,rc
field,2023-05-10,3,,e,18,pele,f,nr,14,121,410,nc
field,2023-05-10,2,,c,7,pele,f,j,15.5,137,411,nc
field,2023-05-12,2,,c,12,pele,f,nr,17.5,125,411,rc
field,2023-05-10,1,,a,2,mumu,m,s,20.5,150,415,nc
field,2023-05-11,1,,a,2,mumu,m,s,18,176,415,rc
field,2023-05-10,5,,a,6,mumu,f,j,7.5,,416,nc
field,2023-05-10,3,,e,16,tast,m,nr,91,210,417,nc
field,2023-05-11,3,,e,18,tast,m,nr,93.5,219,417,rc
field,2023-05-12,3,,e,18,tast,m,nr,84,275,417,rc
field,2023-05-12,3,,e,19,tast,m,s,114,270,418,nc
field,2023-05-11,3,08:30,e,1,pele,f,nr,14.5,140,419,rc
field,2023-05-09,2,,e,2,pele,f,nr,15.5,124,419,nc
field,2023-05-10,3,,e,2,pele,f,nr,14.5,130,419,rc
field,2023-05-12,4,,d,9,rano,f,nr,112,320,420,nc
field,2023-05-11,3,,e,9,pele,m,nr,10,DIT,421,rc
field,2023-05-09,2,,e,11,pele,m,nr,16,,421,nc
field,2023-05-10,3,,e,15,pele,m,s,15.5,135,421,rc
field,2023-05-12,2,,c,2,pele,m,nr,16,145,422,rc
field,2023-05-11,1,,c,4,pele,m,nr,17.5,148,422,rc
field,2023-05-09,1,,c,5,pele,m,nr,19.5,139,422,nc
field,2023-05-10,2,,c,7,pele,m,nr,18,136,422,rc
field,2023-05-12,2,,b,2,pele,,,22,,423,rc
field,2023-05-09,1,,b,4,pele,f,nr,32,150,423,nc
field,2023-05-11,1,,b,4,pele,f,p,24,162,423,rc
field,2023-05-10,2,,b,15,pele,f,p,29.5,158,423,rc
field,2023-05-09,1,,a,4,mumu,m,nr,20,,424,nc
field,2023-05-10,1,,a,4,mumu,m,nr,17,145,424,rc
field,2023-05-12,1,,a,4,mumu,m,nr,17,142,424,rc
field,2023-05-09,1,,a,3,mumu,f,nr,18,153,425,nc
field,2023-05-12,1,,a,6,mumu,m,nr,18.5,160,425,rc
field,2023-05-10,5,,a,7,mumu,f,nr,15,154,425,rc
field,2023-05-09,1,,a,2,mumu,f,nr,24,,426,nc
field,2023-05-12,1,,a,2,mumu,f,nr,25,216,426,rc
field,2023-05-10,1,,a,7,mumu,f,nr,28,161,426,rc
field,2023-05-12,2,,b,1,pele,m,nr,18.5,144,435,nc
field,2023-05-12,4,,d,4,tast,f,nr,91,270,438,
field,2023-05-11,4,,d,10,tast,f,pl,92,223,438,nc
field,2023-05-12,1,,a,1,sihi,f,j,21,133,439,nc
field,2023-05-11,3,,e,2,rano,m,s,196,440,630,nc
field,2023-05-12,1,,a,4,mumu,m,j,7,122,631,nc
field,2023-05-10,1,,a,1,sihi,f,j,17,,651,nc
field,2023-05-11,1,,a,1,sihi,f,j,16.5,137,651,rc
field,2023-05-10,1,,a,19,mumu,m,s,14,148,673,nc
field,2023-05-10,1,,a,19,rano,f,nr,140,395,674,nc
field,2023-05-11,1,,a,1,sihi,m,nr,116,242,677,rc
field,2023-05-09,1,,a,15,sihi,m,s,124,260,677,nc
field,2023-05-11,1,,a,2,sihi,f,p,136,213,678,rc
field,2023-05-09,1,,a,3,sihi,f,p,135,,678,nc
field,2023-05-12,1,,a,3,sihi,f,p,131,220,678,rc
field,2023-05-10,1,,a,4,sihi,f,nr,131,260,678,rc
field,2023-05-11,4,,d,3,pele,f,pl,17,146,696,rc
field,2023-05-10,4,,d,7,pele,f,p,15,135,696,nc
field,2023-05-10,4,,e,20,rano,m,s,152.5,409,719,nc
field,2023-05-10,2,,c,11,pele,m,nr,25,155,720,nc
field,2023-05-12,2,,a,17,pele,m,nr,19.5,145,721,rc
field,2023-05-10,2,,c,14,pele,m,nr,18,148,721,nc
field,2023-05-10,2,,b,7,pele,NA,nr,15,138,722,nc
field,2023-05-12,2,,c,7,pele,NA,nr,14.5,130,722,rc
field,2023-05-12,2,,c,10,pele,f,nr,17.5,159,723,rc
field,2023-05-10,2,,c,13,pele,f,nr,16.5,155,723,nc
field,2023-05-11,1,,c,13,pele,f,nr,16,142,723,rc
field,2023-05-10,4,,d,1,pele,f,nr,15,146,727,nc
field,2023-05-09,3,,d,4,pele,f,nr,14.5,125,729,nc
field,2023-05-12,4,,d,6,pele,f,nr,18.5,120,729,rc
field,2023-05-11,1,,a,3,sihi,m,s,126,239,736,nc
field,2023-05-10,3,,e,8,pele,f,nr,25,146,737,nc
field,2023-05-12,4,,d,2,tast,f,pl,112,230,743,nc
field,2023-05-09,3,,d,3,pele,m,nr,18.5,139,744,nc
field,2023-05-12,4,,d,6,pele,m,nr,18,146,744,rc
field,2023-05-10,1,,a,16,pele,m,nr,21,155,748,nc
field,2023-05-12,2,,a,16,pele,m,nr,21,145,748,rc
field,2023-05-12,1,,a,14,pele,m,nr,16,150,750,rc
field,2023-05-09,1,,a,17,pele,m,nr,21,148,750,nc
field,2023-05-10,1,,a,17,pele,m,nr,19,148,750,rc
field,2023-05-09,2,,e,7,pele,m,s,19.5,123,751,nc
field,2023-05-11,3,,e,8,pele,m,nr,22,170,751,rc
field,2023-05-10,2,,b,2,pele,NA,nr,18,129,753,rc
field,2023-05-09,1,,b,4,pele,NA,nr,16.5,138,753,nc
field,2023-05-09,2,,c,7,tast,m,nr,86,245,774,nc
field,2023-05-11,1,,c,9,tast,,,80.5,,774,rc
field,2023-05-11,3,,e,18,pele,m,nr,18.5,130,782,rc
field,2023-05-09,2,,e,20,pele,m,s,19,,782,nc
field,2023-05-10,3,,e,20,pele,m,s,18,135,782,rc
field,2023-05-12,3,,e,20,pele,m,nr,15.5,116,782,rc
field,2023-05-12,3,,e,6,pele,f,pl,18.5,147,783,rc
field,2023-05-09,2,,e,14,pele,f,p,19,,783,nc
field,2023-05-10,3,,e,14,pele,f,nr,24,164,783,rc
field,2023-05-11,3,,e,14,pele,f,pl,21,154,783,rc
field,2023-05-12,3,,e,9,pele,f,nr,20.5,143,791,
field,2023-05-10,3,,e,1,pele,m,nr,20,156,799,rc
field,2023-05-12,3,,e,2,pele,m,nr,19.5,155,799,rc
field,2023-05-09,2,,e,6,pele,m,nr,21,134,799,nc
field,2023-05-10,4,,d,7,pele,m,nr,21,151,800,rc
field,2023-05-09,3,,d,8,pele,m,ss,21.5,137,800,nc
field,2023-05-09,1,,b,13,blbr,,,,,9903,
field,2023-05-10,4,,d,9,blca,,,,,9904,
field,2023-05-11,3,9:19am,d,2,tast,m,s,111,250,?,
field,2023-05-10,1,,a,5,bird,,,21,,,
field,2023-05-12,1,,a,9,bird,,,,,,
field,2023-05-10,na,,c,11,scca,,,,,,
field,2023-05-12,3,,e,1,bird,,,,,,
field,2023-05-12,3,,e,14,tast,,,84,,,
field,2023-05-09,2,,e,20,pele,,,,,,
fraz,2023-06-30,3,,c,19,mipi,m,s,22,109,123,nc
fraz,2023-06-30,3,,c,14,pele,f,nr,16,126,124,nc
fraz,2023-06-30,3,,c,6,mipi,f,nr,33,100,125,nc
fraz,2023-06-29,2,,a,11,pele,m,ss,17,142,126,nc
fraz,2023-06-30,1,,a,11,pele,m,nr,15,130,126,rc
fraz,2023-06-29,2,,a,11,pele,m,nr,13.5,127,127,nc
fraz,2023-06-30,1,,a,11,pele,m,ss,12.5,121,127,rc
fraz,2023-06-29,3,,c,12,mipi,f,nr,16,86,128,nc
fraz,2023-06-30,1,,a,16,pele,m,s,16.5,140,140,nc
fraz,2023-06-30,1,,a,8,mipi,m,s,22.5,120,143,nc
fraz,2023-06-29,2,,d,15,tast,f,nr,101,190,145,nc
fraz,2023-06-29,2,,a,15,pele,m,s,20.5,147,150,nc
fraz,2023-06-30,1,,a,15,pele,m,s,18,147,150,rc
fraz,2023-06-27,3,,d,14,tast,f,nr,64,200,168,nc
fraz,2023-06-27,1,,a,11,pele,f,p,17.5,133,179,nc
fraz,2023-06-29,2,,a,12,pele,f,p,18.5,139,179,rc
fraz,2023-06-30,1,,a,13,pele,f,pl,17,134,179,rc
fraz,2023-06-27,1,,a,12,pele,m,ss,17.5,145,180,nc
fraz,2023-06-28,2,,b,19,pele,m,ss,14,125,182,nc
fraz,2023-06-29,1,,b,19,pele,m,ss,14.5,133,182,rc
fraz,2023-06-30,3,,b,19,pele,m,s,15,131,182,rc
fraz,2023-06-27,1,,a,17,pele,f,p,13,127,183,nc
fraz,2023-06-28,1,,a,17,pele,f,p,14.5,,183,rc
fraz,2023-06-28,2,,b,3,mipi,m,ss,24.5,111,186,nc
fraz,2023-06-30,4,,b,3,mipi,m,nr,24.5,116,186,rc
fraz,2023-06-28,2,,d,15,pele,f,p,18,151,188,nc
fraz,2023-06-27,2,,b,4,pele,f,p,19,143,189,nc
fraz,2023-06-28,2,,b,4,pele,f,p,19,136,189,rc
fraz,2023-06-30,4,,b,4,pele,f,p,16,129,189,rc
fraz,2023-06-27,2,,d,3,pele,m,s,18,138,191,nc
fraz,2023-06-28,3,,d,4,pele,m,ss,16,135,191,rc
fraz,2023-06-30,3,,b,13,pele,m,nr,13,135,193,rc
fraz,2023-06-27,2,,b,15,pele,m,ss,14,133,193,nc
fraz,2023-06-28,2,,b,15,pele,m,s,14,141,193,rc
fraz,2023-06-29,2,,b,15,pele,m,s,13,144,193,rc
fraz,2023-06-27,1,,a,5,pele,m,s,16.5,135,195,nc
fraz,2023-06-28,1,,a,5,pele,m,s,18.5,,195,rc
fraz,2023-06-29,1,,a,5,pele,m,s,18,forgot,195,
fraz,2023-06-30,1,,a,5,pele,m,s,17,130,195,rc
fraz,2023-06-28,3,,d,3,pele,f,nr,13.5,135,198,nc
fraz,2023-06-28,1,,c,9,pele,m,s,14.5,,199,nc
fraz,2023-06-30,3,,c,10,pele,m,nr,19,128,199,rc
fraz,2023-06-27,1,,a,17,pele,f,p,27,141,200,nc
fraz,2023-06-29,2,,a,17,pele,f,p,24.5,164,200,rc
fraz,2023-06-30,2,,a,18,pele,f,p,25,155,200,rc
fraz,2023-06-28,3,,d,10,pele,m,s,16.5,132,358,
fraz,2023-06-30,2,,d,14,pele,f,p,18.5,134,529,nc
fraz,2023-06-29,1,,a,19,pele,m,nr,16,127,530,nc
fraz,2023-06-30,2,,a,19,pele,m,nr,15.5,132,530,rc
fraz,2023-06-29,3,,c,11,scca,f,nr,290,444,531,nc
fraz,2023-06-29,1,,c,20,mipi,f,p,22.5,115,538,nc
fraz,2023-06-30,1,,a,7,pele,m,j,11.5,124,539,rc
fraz,2023-06-29,1,,a,8,pele,m,j,9.5,116,539,nc
fraz,2023-06-28,3,,d,1,tast,m,s,112,250,540,nc
fraz,2023-06-30,2,,d,4,tast,m,s,120.5,260,540,rc
fraz,2023-06-28,2,,d,19,pele,f,nr,16,136,541,nc
fraz,2023-06-29,1,,d,19,pele,f,p,15.5,134,541,rc
fraz,2023-06-30,2,,d,19,pele,f,p,16,150,541,rc
fraz,2023-06-28,1,,a,19,pele,m,j,8,,542,nc
fraz,2023-06-27,3,,d,16,pele,m,ss,20.5,140,543,nc
fraz,2023-06-28,2,,d,16,pele,m,s,22.5,140,543,rc
fraz,2023-06-30,2,,d,16,pele,m,s,21.5,151,543,rc
fraz,2023-06-28,3,,d,14,tast,f,nr,93.5,250,544,nc
fraz,2023-06-28,2,,b,15,pele,m,ss,17.5,146,545,rc
fraz,2023-06-30,3,,b,15,pele,m,nr,18,134,545,rc
fraz,2023-06-27,2,,d,4,pele,m,ss,17,137,545,nc
fraz,2023-06-27,2,,d,11,pele,f,p,15.5,130,546,nc
fraz,2023-06-28,3,,d,11,pele,f,p,13.5,125,546,rc
fraz,2023-06-27,2,,d,6,pele,f,p,19,131,547,nc
fraz,2023-06-27,2,,b,3,mipi,f,p,27,115,548,nc
fraz,2023-06-29,1,,a,19,pele,m,j,9.5,114,551,nc
fraz,2023-06-30,2,,a,19,pele,f,p,22,136,552,nc
fraz,2023-06-29,1,,a,18,pele,m,nr,13.5,122,559,nc
fraz,2023-06-28,3,,d,14,tast,m,s,98,210,566,nc
fraz,2023-06-27,1,,a,16,pele,f,nr,18.5,155,568,nc
fraz,2023-06-28,1,,a,16,pele,f,nr,13.5,,568,rc
fraz,2023-06-29,2,,a,17,pele,f,nr,18.5,161,568,rc
fraz,2023-06-27,1,,a,12,pele,f,p,6.5,135,569,nc
fraz,2023-06-28,1,,a,13,pele,f,p,21,,569,
fraz,2023-06-30,1,,a,13,pele,f,p,26,141,569,rc
fraz,2023-06-30,2,,d,11,pele,f,pl,13.5,128,570,rc
fraz,2023-06-27,3,,d,13,pele,f,p,17,123,570,nc
fraz,2023-06-28,2,,d,15,pele,f,p,17,135,570,rc
fraz,2023-06-28,1,,a,4,pele,m,nr,13.5,,571,rc
fraz,2023-06-30,1,,a,4,pele,m,nr,13,126,571,rc
fraz,2023-06-27,1,,a,5,pele,m,nr,14.5,115,571,nc
fraz,2023-06-28,1,,a,17,pele,m,ss,17.5,,572,rc
fraz,2023-06-30,2,,a,17,pele,m,ss,17,129,572,rc
fraz,2023-06-29,1,,a,18,pele,m,ss,16.5,125,572,rc
fraz,2023-06-27,1,,a,19,pele,m,s,18,125,572,nc
fraz,2023-06-27,1,,a,4,pele,f,nr,13,130,574,nc
fraz,2023-06-27,2,,c,16,pele,m,s,15.5,131,593,nc
fraz,2023-06-29,2,,c,19,pele,m,s,15,136,593,rc
fraz,2023-06-30,3,,c,11,pele,m,nr,18,136,645,nc
fraz,2023-06-27,2,,a,19,mipi,,,,,9905,
fraz,2023-06-27,2,,c,17,mipi,,,22.5,,9906,
fraz,2023-06-28,1,,c,17,blbr,f,nr,12,,9907,
fraz,2023-06-29,2,,d,1,pele,m,ss,17,150,191,
fraz,2023-06-30,4,,b,7,unkn,,,,,,
fraz,2023-06-28,2,,b,8,bird,,,,,,
fraz,2023-06-28,1,,c,17,blbr,f,p,15,,,
fraz,2023-06-30,3,,c,17,blca,f,nr,14,101,,
fraz,2023-06-30,3,,c,18,blca,m,nr,18.5,108,,
fraz,2023-06-29,1,,d,6,blbr,f,nr,16.5,110,,
gate,2023-05-31,1,,d,2,pele,m,nr,12.5,138,386,nc
gate,2023-05-31,1,,a,13,pele,m,nr,14.5,131,389,nc
gate,2023-05-30,1,,a,4,ocnu,m,nr,voucher,,395,nc
gate,2023-06-01,1,,b,17,pele,f,p,18,142,576,nc
gate,2023-06-02,1,,b,17,pele,f,pl,17.5,141,576,rc
gate,2023-05-30,1,,b,14,pele,m,nr,12.5,131,594,nc
gate,2023-05-31,1,,b,14,pele,m,nr,14,144,594,rc
gate,2023-06-01,1,,b,14,pele,m,nr,15.5,136,594,rc
gate,2023-05-30,1,,a,1,pele,f,nr,13.5,131,595,nc
hb,2023-06-23,1,,a,16,sihi,m,ss,97.5,212,178,nc
hb,2023-06-23,2,,d,14,rehu,m,nr,10,121,185,nc
hb,2023-06-23,2,,a,11,rehu,f,p,12.5,120,187,nc
hb,2023-06-22,1,,d,18,rehu,f,p,14,120,454,nc
hb,2023-06-22,1,,d,10,rehu,f,p,13,135,456,nc
hb,2023-06-22,1,,c,11,rehu,f,pl,10,118,506,nc
hb,2023-06-20,1,,b,2,sihi,m,s,183,250,507,nc
hb,2023-06-21,1,,c,14,rehu,f,p,9.5,119,509,nc
hb,2023-06-20,1,,b,10,sihi,m,s,84,210,515,nc
hb,2023-06-21,1,,b,2,sihi,f,pl,50,215,516,rc
hb,2023-06-20,1,,b,3,sihi,f,pl,133,200,516,nc
hb,2023-06-23,1,,b,18,rehu,f,p,15,129,524,rc
hb,2023-06-22,1,,b,19,rehu,f,p,13.5,128,524,nc
hb,2023-06-23,1,,c,10,rehu,f,p,8,110,527,nc
hb,2023-06-23,1,,d,10,rehu,f,p,10.5,115,528,nc
hb,2023-06-23,1,,b,15,sihi,m,s,133,225,590,nc
hb,2023-06-22,1,,d,20,rehu,f,p,11,115,600,nc
hb,2023-06-22,1,,a,15,rehu,m,s,8,110,709,nc
hb,2023-06-20,1,,c,11,rehu,f,p,9,na,na,
hb,2023-06-23,2,,a,15,rehu,f,p,12,132,,
liz,2023-07-26,1,,b,19,sihi,f,p,101.5,240,75,nc
liz,2023-07-28,1,,d,19,sihi,f,nr,88,240,75,rc
liz,2023-07-28,1,,c,4,tast,m,ss,114.5,223,1589,nc
liz,2023-07-27,1,,c,17,sihi,m,s,118,225,1595,nc
liz,2023-07-28,1,,c,20,sihi,m,s,118,240,1595,rc
liz,2023-07-25,1,,d,13,sihi,f,nr,94,220,1703,nc
liz,2023-07-26,2,,d,5,bird,,,,,,
main,2023-05-23,1,,a,20,pele,f,nr,20,142,305,nc
main,2023-05-25,1,,a,20,pele,f,nr,15,148,305,rc
main,2023-05-24,2,,c,6,pele,m,nr,15.5,132,307,rc
main,2023-05-23,1,,c,8,pele,m,nr,15,130,307,nc
main,2023-05-25,2,,c,13,pele,m,nr,14,131,307,rc
main,2023-05-23,1,,c,4,pele,m,nr,18,140,312,nc
main,2023-05-26,2,,c,7,pele,na,na,na,na,312,rc
main,2023-05-26,1,,a,3,pele,m,nr,14.5,131,331,rc
main,2023-05-25,1,,a,6,pele,m,nr,14,125,331,nc
main,2023-05-24,1,,c,2,pele,f,p,19,140,334,nc
main,2023-05-25,2,,c,19,pele,m,nr,16.5,135,338,nc
main,2023-05-24,2,,d,2,pele,f,p,17,132,352,nc
main,2023-05-25,2,,d,3,pele,f,p,17.5,134,352,rc
main,2023-05-26,2,,d,3,pele,f,p,18.5,,352,rc
main,2023-05-25,1,,a,15,pele,m,nr,21,140,354,rc
main,2023-05-26,1,,a,15,pele,m,nr,20.5,141,354,rc
main,2023-05-24,1,,a,18,pele,m,nr,20.5,154,354,nc
main,2023-05-23,2,,d,13,pele,f,nr,13,135,357,nc
main,2023-05-25,2,,d,14,pele,f,nr,13,123,357,rc
main,2023-05-26,2,,d,17,pele,f,nr,14,133,357,rc
main,2023-05-25,2,,c,20,pele,na,na,na,voucher ,360,rc
main,2023-05-24,2,,d,1,pele,m,nr,14,141,360,rc
main,2023-05-23,2,,d,3,pele,m,nr,16.5,131,360,nc
main,2023-05-24,1,,a,9,pele,f,nr,14.5,130,377,nc
main,2023-05-24,1,,b,18,sihi,f,j,20.5,145,378,nc
main,2023-05-24,2,,c,163,pele,m,j,9.5,105,379,nc
main,2023-05-26,2,,d,6,pele,m,nr,11.5,125,397,rc
main,2023-05-24,2,,d,7,pele,m,nr,13,124,397,nc
main,2023-05-24,1,,b,17,sihi,f,nr,113.5,230,452,nc
main,2023-05-24,3,,d,14,pele,m,nr,15,139,453,rc
main,2023-05-25,2,,d,14,pele,m,nr,15,127,453,rc
main,2023-05-23,2,,d,16,pele,m,nr,16,134,453,nc
main,2023-05-24,1,,a,8,pele,m,nr,16,140,455,nc
main,2023-05-25,1,,a,9,pele,m,nr,14,144,455,rc
main,2023-05-26,1,,a,9,pele,m,nr,14,144,455,rc
main,2023-05-26,1,,a,4,pele,f,nr,21.5,129,457,rc
main,2023-05-24,1,,a,8,pele,f,nr,16.5,138,457,nc
main,2023-05-24,2,,d,10,pele,f,nr,18,135,466,nc
main,2023-05-24,2,,c,8,pele,f,j,13,125,470,rc
main,2023-05-23,1,,c,11,pele,f,nr,13,130,470,nc
main,2023-05-24,2,,d,6,pele,m,nr,17.5,138,480,nc
main,2023-05-25,1,,a,17,pele,f,nr,17.5,141,482,rc
main,2023-05-23,1,,a,18,pele,f,nr,15.5,140,482,nc
main,2023-05-25,2,,c,17,pele,f,nr,13.5,127,483,rc
main,2023-05-26,2,,c,17,pele,f,nr,15.5,140,483,rc
main,2023-05-24,2,,c,20,pele,f,nr,14,137,483,nc
main,2023-05-26,1,,a,1,pele,f,nr,13.5,117,486,rc
main,2023-05-23,1,,a,2,pele,f,nr,14,130,486,nc
main,2023-05-23,1,,c,6,pele,f,nr,16,125,491,nc
main,2023-05-26,2,,c,8,pele,f,nr,14.5,135,491,rc
main,2023-05-24,2,,c,10,pele,f,nr,16,145,491,rc
main,2023-05-25,2,,c,99,pele,f,nr,16.5,130,491,rc
main,2023-05-24,1,,c,4,pele,f,nr,14.5,125,492,rc
main,2023-05-25,2,,c,4,pele,f,nr,11,128,492,rc
main,2023-05-23,1,,c,6,pele,f,nr,14,129,492,nc
main,2023-05-26,2,,c,6,pele,f,nr,13,133,492,rc
main,2023-05-24,1,,a,1,pele,m,nr,15,136,495,nc
main,2023-05-26,1,,a,2,pele,m,nr,19,133,495,rc
main,2023-05-25,1,,a,3,pele,m,nr,14,134,495,rc
main,2023-05-24,1,,c,3,pele,m,nr,14.5,123,498,rc
main,2023-05-26,2,,c,5,pele,m,j,11.5,120,498,rc
main,2023-05-25,2,,c,6,pele,m,nr,14,118,498,rc
main,2023-05-23,1,,c,7,pele,m,nr,15,133,498,nc
main,2023-05-26,1,,b,19,sihi,m,j,28,145,712,nc
main,2023-05-25,1,,a,18,pele,m,nr,16,153,713,nc
main,2023-05-26,1,,b,7,mipi,f,nr,29.5,116,767,nc
main,2023-05-25,1,,b,7,mipi,na,na,na,na,9908,
main,2023-05-25,1,,b,9,unkn,na,na,11,na,9909,
main,2023-05-26,1,,b,20,sihi,na,na,na,na,9910,
mars,2023-05-19,6,,c,13,pele,f,nr,16,135,313,nc
mars,2023-05-18,1,,c,5,pele,m,nr,18.5,130,321,nc
mars,2023-05-18,1,,c,13,tast,f,nr,114.5,260,326,nc
mars,2023-05-20,1,,c,13,tast,f,nr,121.5,270,326,rc
mars,2023-05-20,1,,b,5,pele,m,nr,22,156,405,rc
mars,2023-05-17,1,,b,9,pele,m,nr,22,150,405,nc
mars,2023-05-19,5,,b,9,pele,m,nr,24.5,155,405,rc
mars,2023-05-17,1,,b,13,pele,m,nr,22,160,406,nc
mars,2023-05-17,1,,c,10,pele,f,pl,16.5,145,409,nc
mars,2023-05-18,1,,c,12,pele,f,pl,16.5,144,409,
mars,2023-05-18,1,,b,1,pele,f,p,22.5,145,412,rc
mars,2023-05-20,1,,b,1,pele,f,pl,20.5,138,412,rc
mars,2023-05-17,1,,b,7,pele,f,p,21,143,412,nc
mars,2023-05-17,1,,a,8,pele,m,nr,18,134,432,nc
mars,2023-05-18,1,,a,8,pele,m,nr,18,140,432,rc
mars,2023-05-17,1,,a,2,tast,m,s,121,220,440,nc
mars,2023-05-18,1,,a,2,tast,m,s,119.5,220,440,rc
mars,2023-05-19,5,,a,2,tast,m,s,109.5,220,440,rc
mars,2023-05-19,6,,c,12,pele,m,nr,18.5,150,446,rc
mars,2023-05-17,1,,c,18,pele,f,p,20,142,446,nc
mars,2023-05-17,1,,b,17,pele,f,p,28,121,472,nc
mars,2023-05-17,1,,c,2,pele,f,p,21,132,473,nc
mars,2023-05-18,1,,c,2,pele,f,pl,18,144,473,rc
mars,2023-05-19,6,,c,2,pele,f,p,16,130,473,rc
mars,2023-05-20,1,,c,5,pele,f,nr,16,135,473,rc
mars,2023-05-19,6,,c,15,pele,NA,nr,14,140,479,rc
mars,2023-05-18,1,,c,18,pele,NA,nr,14,130,479,nc
mars,2023-05-20,1,,a,1,pele,m,nr,20.5,152,481,nc
mars,2023-05-20,1,,b,13,pele,m,nr,14.5,149,592,rc
mars,2023-05-17,1,,b,14,pele,m,nr,17,146,592,nc
mars,2023-05-19,6,,c,18,pele,m,j,10,114,695,
nance,2023-05-18,2,,c,20,pele,m,nr,17.5,140,44,nc
nance,2023-05-19,1,,c,11,pele,f,j,9.5,105,309,nc
nance,2023-05-19,1,,c,7,pele,m,nr,18.5,127,311,nc
nance,2023-05-17,2,,d,10,pele,m,j,14.5,110,322,nc
nance,2023-05-19,3,,d,11,pele,m,j,13,116,322,rc
nance,2023-05-17,2,,d,9,pele,f,pl,26,150,323,nc
nance,2023-05-18,3,,d,9,pele,f,p,21,160,323,rc
nance,2023-05-19,3,,d,10,pele,f,p,20,162,323,rc
nance,2023-05-19,1,,c,6,pele,m,nr,16.5,90,324,rc
nance,2023-05-18,1,,c,8,pele,m,nr,16.5,98,324,rc
nance,2023-05-17,1,,c,9,pele,m,nr,18.5,99,324,rc
nance,2023-05-16,2,,c,11,pele,m,nr,18.5,95,324,nc
nance,2023-05-16,2,,c,18,pele,f,nr,22.5,140,325,nc
nance,2023-05-17,1,,d,3,tast,f,nr,93.5,230,344,nc
nance,2023-05-18,2,,d,2,pele,f,p,24,145,345,rc
nance,2023-05-19,4,,d,2,pele,m,j,10.5,152,345,rc
nance,2023-05-17,2,,d,4,pele,f,nr,25,145,345,nc
nance,2023-05-19,4,,d,10,pele,m,nr,21.5,139,346,rc
nance,2023-05-17,2,,d,11,pele,m,nr,20,136,346,nc
nance,2023-05-18,3,,d,11,pele,m,ss,19,144,346,rc
nance,2023-05-19,3,,b,11,pele,f,p,20.5,130,347,rc
nance,2023-05-17,1,,b,12,pele,f,pl,20.5,132,347,nc
nance,2023-05-19,3,,a,2,pele,f,nr,24.5,130,348,rc
nance,2023-05-18,2,,a,3,pele,f,pl,17,131,348,rc
nance,2023-05-17,1,,a,7,pele,f,pl,18.5,137,348,nc
nance,2023-05-18,3,,b,2,pele,m,nr,18,130,349,nc
nance,2023-05-16,2,,c,18,pele,f,nr,16.5,110,350,nc
nance,2023-05-18,2,,c,18,pele,f,nr,15,116,350,rc
nance,2023-05-18,2,,c,17,pele,m,j,11.5,115,351,
nance,2023-05-18,3,,b,19,pele,f,p?,19,131,363,nc
nance,2023-05-19,1,,c,11,pele,m,j,11.5,121,364,rc
nance,2023-05-18,1,,c,12,pele,m,j,12.5,116,364,nc
nance,2023-05-17,1,,a,2,pele,m,nr,24.5,130,366,nc
nance,2023-05-18,2,,a,2,pele,m,nr,14.5,134,366,rc
nance,2023-05-17,1,,c,4,pele,m,nr,16.5,120,367,nc
nance,2023-05-19,4,,a,20,pele,m,nr,19.5,135,368,nc
nance,2023-05-17,1,,c,15,pele,f,pl,21,125,369,nc
nance,2023-05-18,1,,c,15,pele,f,p,18.5,127,369,rc
nance,2023-05-19,2,,c,15,pele,f,nr,18,134,369,rc
nance,2023-05-16,1,,c,2,pele,m,nr,11.5,120,370,nc
nance,2023-05-16,1,,c,1,pele,m,nr,15,125,371,nc
nance,2023-05-16,1,,c,7,pele,f,j,13,121,372,nc
nance,2023-05-17,1,,c,8,pele,f,nr,14,122,372,rc
nance,2023-05-18,1,,c,8,pele,f,nr,14.5,122,372,rc
nance,2023-05-19,1,,c,8,pele,f,j,13,137,372,rc
nance,2023-05-17,1,,c,6,pele,f,nr,19,126,373,rc
nance,2023-05-18,1,,c,6,pele,f,nr,16,130,373,rc
nance,2023-05-16,1,,c,7,pele,f,nr,15.5,125,373,nc
nance,2023-05-19,1,,c,7,pele,f,nr,15,125,373,rc
nance,2023-05-16,1,,b,4,pele,m,nr,21.5,160,400,nc
nance,2023-05-16,2,,c,12,pele,f,pl,17,140,403,nc
nance,2023-05-17,1,,c,13,pele,f,pl,16,140,403,rc
nance,2023-05-18,3,,d,3,pele,f,nr,20.5,121,404,nc
nance,2023-05-16,1,,c,3,pele,m,nr,15.5,139,408,nc
nance,2023-05-18,1,,c,4,pele,m,nr,15,118,408,rc
nance,2023-05-17,2,,c,20,pele,f,pl,15,135,414,nc
nance,2023-05-19,2,,c,20,pele,f,nr,16.5,129,414,rc
nance,2023-05-17,2,,c,17,pele,m,j,13.5,112,429,rc
nance,2023-05-16,2,,c,19,pele,m,j,11.5,121,429,nc
nance,2023-05-18,3,,d,17,tast,f,p,123.5,239,431,nc
nance,2023-05-17,1,,c,3,pele,f,nr,18,135,436,nc
nance,2023-05-18,2,,c,20,pele,f,nr,17,130,437,nc
nance,2023-05-17,1,,c,16,pele,m,nr,18.5,139,441,rc
nance,2023-05-18,1,,c,16,pele,m,nr,18,135,441,rc
nance,2023-05-19,2,,c,16,pele,m,nr,17.5,139,441,rc
nance,2023-05-16,2,,c,19,pele,m,nr,19,140,441,nc
nance,2023-05-16,1,,c,4,pele,f,nr,14.5,137,442,nc
nance,2023-05-18,1,,c,4,pele,f,nr,15,123,442,rc
nance,2023-05-19,1,,c,4,pele,f,nr,13.5,128,442,rc
nance,2023-05-19,2,,c,20,pele,m,nr,15.5,130,444,
nance,2023-05-19,1,,c,10,pele,f,p,19,134,445,rc
nance,2023-05-16,1,,c,11,pele,f,nr,20,135,445,nc
nance,2023-05-17,1,,c,11,pele,f,pl,20,150,445,rc
nance,2023-05-18,1,,c,11,pele,f,p,18.5,149,445,rc
nance,2023-05-17,1,,c,12,pele,f,nr,15,121,447,rc
nance,2023-05-16,2,,c,13,pele,f,nr,15.5,133,447,nc
nance,2023-05-18,1,,c,13,pele,m,nr,14.5,120,447,rc
nance,2023-05-19,2,,c,13,pele,f,nr,13,125,447,rc
nance,2023-05-16,2,,c,20,pele,f,pl,17.5,130,449,nc
nance,2023-05-19,4,,a,7,pele,m,nr,15,105,478,nc
nance,2023-05-19,4,,d,2,pele,f,nr,21.5,120,484,nc
nance,2023-05-19,2,,c,17,pele,m,nr,17.5,136,485,nc
nance,2023-05-19,3,,b,14,pele,f,p,21,134,488,nc
nance,2023-05-19,2,,c,12,pele,f,nr,18,143,493,nc
nance,2023-05-19,2,,c,18,pele,f,nr,17.5,125,499,nc
nance,2023-05-18,3,,b,5,pele,m,nr,20,140,500,nc
nance,2023-05-16,1,,c,8,pele,f,j,14,141,549,nc
nance,2023-05-19,1,,c,8,pele,f,nr/j?,13.5,125,549,rc
nance,2023-05-19,1,,c,4,pele,m,nr,16,130,550,rc
nance,2023-05-16,1,,c,5,pele,m,nr,17,131,550,nc
nance,2023-05-17,1,,c,6,pele,m,nr,16.5,125,550,rc
nance,2023-05-17,1,,c,11,pele,m,nr,16,123,591,nc
nance,2023-05-17,1,,d,2,pele,m,s,22,141,604,
nance,2023-05-18,2,,d,2,pele,m,nr,18.5,136,604,
nance,2023-05-19,4,,d,4,pele,m,s,22.5,134,604,rc
nance,2023-05-17,2,,d,4,pele,m,nr,14.5,133,606,nc
nance,2023-05-19,4,,d,9,pele,m,j,12.5,120,611,rc
nance,2023-05-17,2,,d,12,pele,m,j,12.5,120,611,nc
nance,2023-05-19,4,,d,6,pele,f,j,11,120,634,rc
nance,2023-05-17,2,,d,8,pele,f,j,11,118,634,nc
nance,2023-05-17,2,,d,8,pele,m,s,28,151,658,nc
nance,2023-05-19,3,,a,2,pele,m,ss,17.5,149,703,rc
nance,2023-05-18,2,,a,4,pele,m,nr,19.5,150,703,rc
nance,2023-05-17,1,,a,6,pele,m,nr,20,142,703,nc
nance,2023-05-17,1,,a,15,pele,f,p,18.5,121,704,nc
nance,2023-05-19,4,,a,15,pele,f,nr,17.5,135,704,rc
nance,2023-05-17,2,,d,18,pele,m,nr,13,137,733,nc
nance,2023-05-17,1,,d,1,pele,f,p,22,143,760,nc
nance,2023-05-18,3,,d,7,pele,m,nr,23,154,658,
nance,2023-05-19,4,,d,8,pele,m,nr,20.5,160,658,
nance,2023-05-17,1,,a,16,pele,,,,,,
nance,2023-05-17,1,,b,5,amma,,,,,,
noon,2023-07-21,2,,a,12,pele,m,ss,20.5,150,1701,nc
noon,2023-07-20,4,,c,1,pele,f,nr,19,166,1702,nc
noon,2023-07-20,5,,c,18,pele,m,s,19.5,145,1704,nc
noon,2023-07-21,5,,c,18,pele,m,s,20.5,151,1704,rc
noon,2023-07-20,5,,c,19,pele,f,nr,18.5,146,1705,nc
noon,2023-07-21,1,,c,19,pele,f,nr,17.5,150,1705,rc
noon,2023-07-21,2,,d,8,sihi,m,s,63.5,200,1706,nc
noon,2023-07-21,1,,c,3,pele,f,nr,17,158,1708,nc
noon,2023-07-21,1,8:40am,b,15,glvo,m,s,66,210,1709,nc
noon,2023-07-21,2,,b,18,pele,m,nr,18,149,1710,rc
noon,2023-07-20,4,,b,19,pele,m,ss,17,147,1710,nc
noon,2023-07-21,5,,b,16,pele,f,p,17.5,135,1711,nc
noon,2023-07-21,2,,a,20,pele,f,p,18,136,1712,nc
noon,2023-07-21,5,,c,18,pele,f,nr,18.5,138,1714,nc
noon,2023-07-21,3,,a,1,pele,m,s,23.5,154,1715,nc
noon,2023-07-21,5,,b,2,pele,m,ss,19,147,1719,nc
noon,2023-07-21,3,,a,1,pele,f,p,23.5,144,1720,rc
noon,2023-07-18,2,,b,10,pele,f,p,19,145,1720,nc
noon,2023-07-19,2,,c,11,pele,m,ss,19.5,134,1721,nc
noon,2023-07-21,5,,c,13,pele,f,nr,17.5,146,1721,rc
noon,2023-07-20,1,,d,8,sihi,m,s,103,250,1722,nc
noon,2023-07-21,2,,d,11,sihi,m,s,71,230,1724,rc
noon,2023-07-20,3,,d,20,sihi,m,ss,80.5,230,1724,nc
noon,2023-07-18,2,,b,3,pele,NA,,19,133,1726,nc
noon,2023-07-19,2,,b,10,pele,NA,nr*,17,129,1726,rc
noon,2023-07-20,4,,b,10,pele,NA,nr,15,142,1726,rc
noon,2023-07-21,5,,b,2,pele,f,p,15,136,1727,rc
noon,2023-07-18,2,,b,3,pele,f,nr,15,148,1727,nc
noon,2023-07-19,2,,b,5,pele,f,nr,18.5,125,1727,rc
noon,2023-07-20,3,,b,5,pele,f,p,16,135,1727,rc
noon,2023-07-19,2,,b,11,pele,m,nr,17,141,1728,
noon,2023-07-21,5,,b,12,pele,m,ss,21.5,147,1728,
noon,2023-07-19,2,,b,11,pele,m,ss,22.5,165,1729,rc
noon,2023-07-20,4,,b,15,pele,m,ss,21,151,1729,rc
noon,2023-07-18,3,,b,16,pele,m,ss,32.5,154,1729,nc
noon,2023-07-20,4,,b,16,pele,f,nr,11.5,134,1730,rc
noon,2023-07-18,3,,b,19,pele,f,p,18,144,1730,nc
noon,2023-07-18,3,,b,18,pele,f,nr,16.5,145,1731,nc
noon,2023-07-20,4,,b,18,pele,f,nr,17,145,1731,rc
noon,2023-07-20,6,,c,12,pele,f,p,19.5,124,1732,rc
noon,2023-07-19,3,,c,13,pele,f,nr,15.5,134,1732,rc
noon,2023-07-21,5,,c,13,pele,f,nr,14.5,144,1732,rc
noon,2023-07-18,3,,c,15,pele,f,nr,15,134,1732,nc
noon,2023-07-20,5,,c,13,tast,NA,nr,87,250,1733,rc
noon,2023-07-18,3,,c,18,tast,NA,nr,89,240,1733,nc
noon,2023-07-21,3,,d,1,sihi,m,j,23,146,1734,rc
noon,2023-07-20,2,,d,18,sihi,m,j,33,146,1734,nc
noon,2023-07-19,1,,a,5,pele,f,pl,16.5,138,1735,nc
noon,2023-07-20,2,,a,5,pele,f,nr,16,136,1735,rc
noon,2023-07-20,2,,a,10,pele,f,p,20,175,1736,nc
noon,2023-07-20,1,,d,11,sihi,f,nr,66,225,1737,nc
noon,2023-07-19,2,,c,1,pele,NA,nr,19,160,1738,nc
noon,2023-07-21,1,,c,1,pele,NA,nr,18,165,1738,rc
noon,2023-07-20,3,,b,9,pele,f,p,16,134,1739,nc
noon,2023-07-21,5,,b,9,pele,f,nr,9,132,1739,rc
noon,2023-07-20,2,,a,6,pele,m,nr,18,148,1740,nc
noon,2023-07-20,2,,a,3,pele,m,ss,23.5,147,1741,nc
noon,2023-07-21,3,,a,10,pele,m,s,25,147,1741,rc
noon,2023-07-19,1,,d,18,sihi,f,p,128.5,275,1742,nc
noon,2023-07-21,2,,d,18,sihi,f,p,124,270,1742,rc
noon,2023-07-20,3,,d,19,sihi,f,p,127,280,1742,rc
noon,2023-07-20,1,,d,5,sihi,f,nr,78,180,1743,nc
noon,2023-07-21,3,,d,2,sihi,f,j,20,146,1744,rc
noon,2023-07-20,1,,d,3,sihi,f,j,21,150,1744,rc
noon,2023-07-19,1,,d,18,sihi,f,j,33,124,1744,nc
noon,2023-07-20,3,,b,12,pele,m,ss,19,135,1745,nc
noon,2023-07-19,1,,d,8,sihi,m,s,134.5,265,1747,nc
noon,2023-07-20,1,,d,9,sihi,m,s,131,270,1747,rc
noon,2023-07-19,2,,a,11,pele,f,p,19,143,1748,nc
noon,2023-07-20,2,,a,6,pele,f,p,19.5,157,1749,nc
noon,2023-07-21,2,,a,6,pele,f,p,21,154,1749,rc
noon,2023-07-20,1,,d,14,sihi,m,j,20.5,141,1750,nc
noon,2023-07-20,6,,c,18,pele,f,nr,21.1,166,1770,
noon,2023-07-21,5,,c,11,pele,m,ss,18.5,155,1771,rc
noon,2023-07-20,4,,c,15,pele,m,ss,29.5,144,1771,rc
noon,2023-07-18,3,,c,16,pele,m,ss,21,159,1771,nc
noon,2023-07-19,3,,c,16,pele,m,s,18.5,154,1771,rc
noon,2023-07-19,2,,b,3,tast,m,nr,112,265,1772,nc
noon,2023-07-20,4,,b,16,tast,m,nr,100.5,250,1772,rc
noon,2023-07-21,1,,b,19,tast,m,ss,104,250,1772,rc
noon,2023-07-18,3,,c,2,pele,m,nr,16,145,1773,nc
noon,2023-07-21,1,,c,4,pele,f,p,14.5,135,1774,rc
noon,2023-07-18,3,,c,8,pele,f,nr,15,137,1774,nc
noon,2023-07-20,5,,c,10,pele,f,nr,15,150,1774,rc
noon,2023-07-18,3,,c,11,pele,f,p,18,156,1775,nc
noon,2023-07-20,4,,c,11,pele,f,nr,21.5,145,1775,rc
noon,2023-07-21,1,,c,14,pele,f,p,16,163,1775,rc
noon,2023-07-20,2,,d,16,sihi,f,j,23,139,1781,nc
noon,2023-07-21,4,,d,9,sihi,m,s,109,260,1782,rc
noon,2023-07-20,1,,d,10,sihi,m,s,152.5,260,1782,rc
noon,2023-07-18,1,,d,11,sihi,m,s,103.5,270,1782,nc
noon,2023-07-18,1,,d,12,sihi,m,s,94,250,1783,nc
noon,2023-07-21,4,,d,12,sihi,m,s,94,260,1783,rc
noon,2023-07-18,1,,d,3,sihi,f,nr,109,270,1784,nc
noon,2023-07-19,1,,d,3,sihi,f,nr,93,260,1784,rc
noon,2023-07-21,4,,d,6,sihi,f,p,104,265,1784,rc
noon,2023-07-18,1,,a,3,pele,m,nr,19.5,142,1785,nc
noon,2023-07-21,3,,a,16,pele,m,ss,17,180,1785,rc
noon,2023-07-20,1,,d,2,pele,m,nr,25,135,1785,rc
noon,2023-07-21,3,,d,2,pele,m,ss,23,136,1785,rc
noon,2023-07-20,3,,b,4,glvo,f,p,75,250,1786,nc
noon,2023-07-19,2,,c,8,pele,f,nr,16,135,1787,nc
noon,2023-07-20,4,,c,8,pele,f,nr,15,133,1787,rc
noon,2023-07-21,1,,c,8,pele,f,nr,15.5,151,1787,rc
noon,2023-07-18,2,,a,16,pele,NA,nr,18.5,150,1788,
noon,2023-07-20,2,,a,17,pele,NA,nr,17,147,1788,
noon,2023-07-18,2,,a,20,rano,m,j,31,240,1789,nc
noon,2023-07-19,1,,a,20,rano,m,j,35.5,240,1789,rc
noon,2023-07-21,1,,b,4,pele,m,s,19,142,1790,rc
noon,2023-07-20,3,,b,6,pele,m,ss,18.5,135,1790,rc
noon,2023-07-18,2,,b,8,pele,m,nr,16.5,150,1790,nc
noon,2023-07-21,1,,b,4,pele,f,p,20,154,1791,rc
noon,2023-07-20,3,,b,6,pele,f,p,21,149,1791,rc
noon,2023-07-18,2,,b,7,pele,f,nr,20,121,1791,nc
noon,2023-07-18,2,,b,7,pele,m,nr,21.5,121,1792,nc
noon,2023-07-19,2,,b,8,pele,m,ss,21,154,1792,rc
noon,2023-07-20,3,,b,9,pele,m,ss,20,160,1792,rc
noon,2023-07-18,1,,a,5,pele,f,pl,20,155,1793,nc
noon,2023-07-19,1,,a,6,pele,m,ss,18.5,134,1794,rc
noon,2023-07-18,2,,a,8,pele,m,nr,18.5,150,1794,nc
noon,2023-07-20,2,,a,12,pele,m,ss,18.5,139,1794,rc
noon,2023-07-21,2,,a,12,pele,m,s,18,152,1794,rc
noon,2023-07-20,2,,d,17,pele,m,s,18,150,1795,nc
noon,2023-07-21,6,,d,17,pele,m,s,21,146,1795,rc
noon,2023-07-21,3,,d,16,sihi,m,j,23.5,157,1796,rc
noon,2023-07-18,1,,d,19,sihi,m,j,18.5,135,1796,nc
noon,2023-07-19,1,,d,8,sihi,m,s,106,209,1797,rc
noon,2023-07-21,2,,d,11,sihi,m,s,94,265,1797,rc
noon,2023-07-18,1,,d,19,sihi,m,s,82.5,260,1797,nc
noon,2023-07-20,3,,d,20,sihi,m,s,95.5,270,1797,rc
noon,2023-07-20,1,,d,12,sihi,f,j,36,156,1798,rc
noon,2023-07-21,3,,d,15,sihi,f,j,23,152,1798,rc
noon,2023-07-18,1,,d,18,sihi,f,j,20.5,143,1798,nc
noon,2023-07-20,1,,d,8,sihi,f,nr,79,240,1799,rc
noon,2023-07-19,1,,d,11,sihi,f,nr,81,230,1799,rc
noon,2023-07-18,1,,d,14,sihi,f,p,61,220,1799,nc
noon,2023-07-21,3,,d,6,rano,f,j,23.5,172,1800,rc
noon,2023-07-18,1,,d,18,rano,f,j,18.5,180,1800,nc
noon,2023-07-19,1,,d,20,rano,f,j,20,170,1800,rc
noon,2023-07-18,2,,a,6,pele,f,p,20,126,,
noon,2023-07-21,2,,d,10,sihi,f,na,74,,,
pass,2023-06-08,1,,a,2,pele,m,nr,18.5,144,51,rc
pass,2023-06-09,1,,a,2,pele,m,nr,17,150,51,rc
pass,2023-06-06,1,08:25,a,4,pele,m,nr,19,142,51,nc
pass,2023-06-08,1,,c,10,pele,f,pl,20,157,330,nc
pass,2023-06-09,1,,c,10,pele,f,pl,18.5,151,330,rc
pegg,2023-08-01,1,,d,10,pele,f,p,19,87,1217,nc
pegg,2023-08-02,1,,d,10,pele,f,p,18,101,1217,rc
pegg,2023-08-03,1,,d,10,pele,f,p,17,92,1217,rc
pegg,2023-08-03,1,,b,2,ocmv,m,s,16.5,,1222,nc
pegg,2023-08-02,1,,d,12,pele,m,ss,20.5,146,1232,nc
pegg,2023-08-03,1,,d,12,pele,m,s,19.5,149,1232,rc
pegg,2023-08-03,1,,d,12,pele,m,ss,18,150,1239,nc
pegg,2023-08-01,1,,a,20,divi,m,j,194.5,370,1248,nc
pegg,2023-08-04,1,,b,1,rano,,,,,9911,
pegg,2023-08-01,1,,d,12,pele,m,s,21.5,145,,
pickle,2023-06-20,2,,c,17,pele,m,nr,22,161,154,nc
pickle,2023-06-21,1,,c,17,pele,m,nr,22.5,,154,rc
pickle,2023-06-23,1,,c,17,pele,m,nr,22,160,154,rc
pickle,2023-06-22,1,,c,4,pele,f,nr,25,155,156,rc
pickle,2023-06-23,1,,c,4,pele,f,nr,23.5,157,156,rc
pickle,2023-06-21,1,,c,6,pele,f,nr,28,,156,nc
pickle,2023-06-22,1,,b,13,pego,m,ss,28.5,182,160,
pickle,2023-06-23,1,,b,13,pego,m,nr,28,171,160,
pickle,2023-06-21,1,,b,13,pele,m,ss?,29,,176,nc
pickle,2023-06-22,1,,c,11,pele,f,nr,21.8,159,181,nc
pickle,2023-06-22,1,,b,7,pele,m,nr,26,164,184,nc
pickle,2023-06-23,1,,b,7,pele,m,nr,23,163,184,rc
pickle,2023-06-23,1,,d,20,sihi,f,nr,83,202,190,nc
pickle,2023-06-23,1,,c,8,pego,m,ss?,26.5,175,192,nc
pickle,2023-06-22,1,,c,17,pele,m,nr,31.5,171,194,nc
pickle,2023-06-23,1,,a,3,pego,f,nr,30.5,172,196,rc
pickle,2023-06-22,1,,a,10,pego,m,nr,32.5,185,196,nc
pickle,2023-06-23,1,,d,18,sihi,m,s,140,235,197,nc
pickle,2023-06-20,2,,d,20,sihi,f,nr,113,240,240,nc
pickle,2023-06-21,1,,a,11,pego,f,p,36,185,342,nc
pickle,2023-06-22,1,,d,16,sihi,f,nr,114,230,359,
pickle,2023-06-21,1,,c,3,pego,m,nr,29.5,,380,
pickle,2023-06-23,1,,c,6,pego,m,nr,29,173,380,
pickle,2023-06-23,1,,b,16,pele,f,nr,23,165,381,rc
pickle,2023-06-22,1,,b,19,pele,f,p,23.5,165,381,rc
pickle,2023-06-21,1,,b,20,pele,f,p,22,,381,nc
pickle,2023-06-23,1,,b,17,pele,m,nr,24,150,385,rc
pickle,2023-06-22,1,,b,18,pele,m,nr,24.5,167,385,rc
pickle,2023-06-21,1,,b,19,pele,m,nr,22,,385,nc
pickle,2023-06-21,1,,a,17,rehu,f,p,10,124,520,nc
pickle,2023-06-23,1,,a,19,pele,f,p,27.5,155,526,nc
pickle,2023-06-23,1,,a,18,pego,m,nr,24,153,602,nc
pickle,2023-06-23,1,,a,10,sihi,f,nr,30.5,186,669,nc
pond,2023-06-14,1,,c,6,sihi,f,j,41,155,151,nc
pond,2023-06-15,1,,c,2,sihi,m,nr,91.5,225,153,nc
pond,2023-06-15,1,,c,9,sihi,f,p,140,260,155,
pond,2023-06-15,1,,c,7,sihi,m,j,49,167,158,nc
pond,2023-06-15,2,,c,15,sihi,f,j,157.5,170,159,nc
pond,2023-06-15,3,,d,6,pele,f,j,17.5,140,164,nc
pond,2023-06-16,1,,d,12,pele,f,nr,5,128,164,rc
pond,2023-06-14,1,,a,18,pego,m,nr,24.5,164,165,nc
pond,2023-06-16,1,,c,16,sihi,f,j,22,125,169,nc
pond,2023-06-15,2,,c,19,sihi,f,nr,78.6,195,171,nc
pond,2023-06-16,1,,c,20,sihi,f,j,58,195,171,rc
pond,2023-06-14,1,,c,9,sihi,f,j,35.5,145,301,nc
pond,2023-06-15,3,,d,3,pego,f,pl,33,181,314,nc
pond,2023-06-16,1,,d,3,pego,f,p,32,175,314,rc
pond,2023-06-16,1,,c,17,sihi,m,s,150,270,316,rc
pond,2023-06-14,1,,c,20,sihi,m,s,162.5,275,316,nc
pond,2023-06-15,2,,c,20,sihi,m,s,104.5,260,316,rc
pond,2023-06-15,1,,c,4,sihi,m,j,38,160,319,nc
pond,2023-06-16,1,,b,3,pego,m,nr,24.5,161,328,rc
pond,2023-06-15,1,,b,5,pego,m,nr,25.5,165,328,nc
pond,2023-06-15,2,,c,11,sihi,m,ss,70,208,329,nc
pond,2023-06-15,2,,c,9,sihi,m,j,50.5,164,332,nc
pond,2023-06-14,1,,c,1,sihi,f,p,99,162,337,nc
pond,2023-06-15,1,,c,2,sihi,f,pl,103,160,337,rc
pond,2023-06-16,1,,c,3,sihi,f,p,108,168,337,rc
pond,2023-06-15,2,,c,17,sihi,m,ss,84.3,195,356,nc
pond,2023-06-13,1,,b,13,sihi,f,j,63,205,384,nc
pond,2023-06-16,1,,b,16,sihi,f,nr,69,149,384,rc
pond,2023-06-15,2,,c,14,sihi,f,p,139.5,255,387,nc
pond,2023-06-16,1,,c,14,sihi,f,pl,122.5,265,387,rc
pond,2023-06-14,1,,c,7,sihi,f,j,37.5,150,388,nc
pond,2023-06-14,1,,c,10,sihi,f,p,166.5,245,392,nc
pond,2023-06-14,2,,d,16,pego,m,s,28.5,172,503,nc
pond,2023-06-14,2,,c,19,sihi,f,j,22,160,505,nc
pond,2023-06-14,2,,c,3,sihi,m,j,38,190,508,nc
pond,2023-06-15,1,,c,3,sihi,m,j,37,170,508,rc
pond,2023-06-16,1,,c,19,sihi,f,pl,151,230,512,rc
pond,2023-06-14,2,,c,20,sihi,f,p,161.5,250,512,nc
pond,2023-06-15,3,,d,1,sihi,f,p,161.1,225,512,rc
pond,2023-06-14,2,,c,4,sihi,f,pl,122,265,514,rc
pond,2023-06-13,2,,c,5,sihi,f,pl,124,254,514,nc
pond,2023-06-16,1,,c,5,sihi,f,nr,85.5,235,514,rc
pond,2023-06-13,2,,d,3,pego,f,p,26,150,517,nc
pond,2023-06-14,2,,d,3,pego,f,p,24,154,517,rc
pond,2023-06-16,2,,d,5,pele,f,p,22,151,517,rc
pond,2023-06-14,2,,c,15,sihi,m,s,72,210,518,nc
pond,2023-06-15,2,,c,16,sihi,m,ss,74.5,200,518,rc
pond,2023-06-16,1,,b,14,sihi,m,s,154,253,521,rc
pond,2023-06-15,1,,c,1,sihi,m,s,144.8,255,521,rc
pond,2023-06-14,2,,c,3,sihi,m,s,152,280,521,nc
pond,2023-06-13,2,,c,16,sihi,f,nr,51,210,523,nc
pond,2023-06-13,2,,c,7,sihi,f,j,35,182,525,nc
pond,2023-06-16,1,,d,18,pele,,,26,158,605,nc
pond,2023-06-16,1,,d,4,pele,f,nr,18,149,717,nc
pond,2023-06-16,1,,c,2,sihi,m,nr,187,225,731,nc
pond,2023-06-14,1,,b,6,blbr,,,7,,no tag,
pond,2023-06-15,1,,b,10,mipi,,,26,,,
pond,2023-06-15,1,,b,10,mipe,,,18,,,
pond,2023-06-15,2,,d,12,unkn,,,,,,
pond,2023-06-15,2,,d,18,unkn,,,,,,
rags,2023-05-24,1,,b,6,pele,m,nr,18,145,308,rc
rags,2023-05-23,1,,b,7,pele,m,nr,21,142,308,nc
rags,2023-05-25,1,,b,7,pele,m,nr,20,142,308,rc
rags,2023-05-24,1,,b,13,pele,f,nr,14,130,327,nc
rags,2023-05-25,1,,b,13,pele,f,nr,14,135,327,rc
rags,2023-05-24,1,,d,10,tast,f,nr,138,260,335,nc
rags,2023-05-26,1,,d,11,tast,f,nr,120,265,335,rc
rags,2023-05-26,1,,d,13,tast,,,135,250,336,rc
rags,2023-05-24,1,,d,14,tast,m,nr,135,265,336,nc
rags,2023-05-25,1,,d,20,tast,m,s,120,285,336,rc
rags,2023-05-26,1,,a,8,pele,f,p,17,142,394,nc
rags,2023-05-23,1,,d,2,pele,f,p,20,137,448,nc
rags,2023-05-25,1,,d,6,pele,f,nr,15.5,140,448,rc
rags,2023-05-23,1,,c,9,pele,f,nr,13,128,458,nc
rags,2023-05-25,1,,c,9,pele,f,nr,15,133,458,rc
rags,2023-05-23,1,,d,13,divi,f,j,153,340,459,nc
rags,2023-05-25,1,,b,16,pele,m,nr,13,128,460,nc
rags,2023-05-25,1,,a,3,pele,f,p,19,130,461,nc
rags,2023-05-26,1,,b,4,pele,f,nr,16.5,147,461,rc
rags,2023-05-25,1,,b,5,pele,f,p,19,130,461,rc
rags,2023-05-24,1,,a,15,pele,f,p,20,147,462,nc
rags,2023-05-25,1,,c,20,pele,m,nr,22,162,463,nc
rags,2023-05-26,1,,c,20,pele,m,nr,20.5,155,463,rc
rags,2023-05-25,1,,b,7,pele,f,nr,15,143,464,nc
rags,2023-05-23,1,,b,8,pele,f,p,19,135,464,nc
rags,2023-05-24,1,,b,9,pele,f,pl,18,135,464,rc
rags,2023-05-25,1,,a,3,pele,f,p,21,154,465,nc
rags,2023-05-25,1,,b,5,pele,f,p,21,154,465,rc
rags,2023-05-25,1,,a,11,pele,m,j,12,124,467,rc
rags,2023-05-25,1,,a,11,pele,m,j,2,124,467,nc
rags,2023-05-23,1,,a,17,pele,f,nr,13.5,130,468,nc
rags,2023-05-24,1,,b,18,pele,f,j,13,123,469,nc
rags,2023-05-26,1,,b,18,pele,f,nr,13,126,469,rc
rags,2023-05-25,1,,c,1,pele,m,s,12,126,471,nc
rags,2023-05-24,1,,c,20,pele,f,p,16,138,489,nc
rags,2023-05-26,1,,a,17,pele,m,nr,13.5,135,581,nc
rags,2023-05-26,1,,c,7,pele,m,nr,12.5,120,583,nc
rags,2023-05-24,1,,d,11,glvo,f,nr,48,na,9912,
rags,2023-05-26,1,,d,19,scca,m,s,432,475,9913,
rags,2023-05-25,1,,d,17,pele,f,p,17,125,na,
rags,2023-05-23,1,,c,16,pele,f,p,18.5,127,,
rot,2023-08-16,1,,c,6,pele,m,ss,20,155,1503,nc
rot,2023-08-18,1,,d,5,pele,m,ss,20,153,1503,rc
rot,2023-08-18,1,,d,1,pele,m,ss,24.5,156,1514,nc
rot,2023-08-16,1,,a,10,pele,m,s,23.5,160,1515,nc
rot,2023-08-18,1,,a,10,pele,m,ss,22,149,1515,rc
rot,2023-08-16,1,,d,6,pele,m,ss,23,160,1518,nc
rot,2023-08-19,1,,d,4,pele,m,ss,22,165,1542,rc
rot,2023-08-16,1,,d,5,pele,m,ss,27,169,1542,nc
rot,2023-08-18,1,,d,5,pele,m,ss,21.5,165,1542,rc
rot,2023-08-17,1,,d,7,pele,m,s,22,154,1542,rc
rot,2023-08-17,1,,c,6,pele,f,pl,22,157,1584,rc
rot,2023-08-19,1,,c,6,pele,f,pl,18.5,154,1584,rc
rot,2023-08-18,1,,c,9,pele,f,pl,21,148,1584,rc
rot,2023-08-16,1,,d,9,pele,f,p,22,161,1584,nc
rot,2023-08-18,1,,b,6,pele,m,s,23.5,143,1755,nc
rot,2023-08-19,1,,d,1,pele,m,ss,18,137,1760,nc
rot,2023-08-17,1,,d,19,pele,m,s,26,166,1761,nc
rot,2023-08-17,1,,a,1,pele,f,pl,18,144,1780,
rot,2023-08-17,1,,c,20,blbr,m,s,12.5,105,,
terr,2023-08-18,1,,a,5,tast,f,nr,108,215,1510,nc
terr,2023-08-16,1,,b,14,pele,m,s,22,160,1762,rc
terr,2023-08-15,1,,b,16,pele,m,s,19.5,150,1762,nc
terr,2023-08-17,1,,c,1,pele,m,s,20,150,1762,rc
terr,2023-08-16,1,,c,1,pele,m,s,27,165,1767,nc
terr,2023-08-18,1,,c,11,pele,m,s,25.5,160,1767,rc
terr,2023-08-16,,,a,11,rano,m,s,128,370,1768,nc
zion,2023-08-03,1,,c,6,pele,m,ss,16.5,136,1223,
zion,2023-08-02,1,,c,11,pele,m,ss,22.5,130,1223,rc
zion,2023-08-01,1,,c,16,pele,m,ss,18,135,1223,nc
zion,2023-08-02,1,,a,6,pele,f,j,12.5,126,1236,nc
zion,2023-08-01,1,,a,11,pele,m,ss,22.5,160,1245,nc
zion,2023-08-02,1,,a,11,pele,m,ss,22.5,156,1245,rc
zion,2023-08-03,1,,a,11,pele,m,s,23,157,1245,rc
zion,2023-08-02,1,,c,4,pele,m,ss,17,133,1532,nc
zion,2023-08-04,1,,c,5,pele,m,ss,17.5,139,1532,rc
zion,2023-08-03,1,,c,11,pele,f,p,16.5,157,1537,rc
zion,2023-08-01,1,,c,17,pele,f,p,18.5,156,1537,nc
zion,2023-08-03,1,,c,7,pele,f,j,10.5,115,1543,nc
zion,2023-08-02,1,,a,11,pele,m,s,13,135,1577,nc
zion,2023-08-04,1,,a,11,pele,m,s,15,138,1577,rc
zion,2023-08-03,1,,a,12,pele,m,ss,15,144,1577,rc
zion,2023-08-04,1,,c,1,pele,f,p,19.5,148,1593,nc
zion,2023-08-04,1,,c,10,pele,f,p,24,146,1594,nc
