"","site","tran","spp","uind","d1","d2","d3","d4"
"1","beach","beach_a","pele","pele_00589",0,1,1,1
"2","beach","beach_a","pele","pele_00598",0,0,1,1
"3","beach","beach_b","blca","blca_22201",0,1,0,0
"4","beach","beach_c","pele","pele_00362",1,1,1,1
"5","beach","beach_c","pele","pele_00393",1,1,0,1
"6","beach","beach_c","pele","pele_00587",1,1,0,0
"7","beach","beach_c","pele","pele_00588",1,0,0,0
"8","beach","beach_c","pele","pele_00596",0,1,0,0
"9","beach","beach_d","pele","pele_00396",1,1,1,1
"10","beach","beach_d","pele","pele_00578",1,0,0,0
"11","beach","beach_d","pele","pele_00582",0,0,1,1
"12","beach","beach_d","pele","pele_00584",0,1,0,0
"13","beach","beach_d","pele","pele_00682",0,1,0,0
"14","cb","cb_a","pego","pego_00306",0,1,0,0
"15","cb","cb_b","pego","pego_00306",0,0,0,1
"16","cb","cb_c","pego","pego_00167",1,1,0,0
"17","cb","cb_c","pego","pego_00577",0,1,0,0
"18","cb","cb_c","sihi","sihi_00170",0,0,1,0
"19","cb","cb_d","pego","pego_00166",0,0,1,1
"20","clark","clark_a","pele","pele_00157",0,0,0,1
"21","clark","clark_a","pele","pele_00333",1,1,0,0
"22","clark","clark_a","pele","pele_00343",0,0,0,1
"23","clark","clark_a","pele","pele_00382",1,1,0,1
"24","clark","clark_a","pele","pele_00383",1,0,1,0
"25","clark","clark_a","pele","pele_00390",1,1,1,1
"26","clark","clark_a","pele","pele_00391",1,1,0,1
"27","clark","clark_a","pele","pele_00502",0,0,0,1
"28","clark","clark_a","pele","pele_00519",0,0,0,1
"29","clark","clark_a","pele","pele_00579",0,0,1,0
"30","clark","clark_a","pele","pele_00599",0,0,1,1
"31","clark","clark_b","pele","pele_00172",1,1,1,1
"32","clark","clark_b","pele","pele_00173",1,0,0,1
"33","clark","clark_b","pele","pele_00174",1,1,1,1
"34","clark","clark_b","pele","pele_00175",1,1,1,0
"35","clark","clark_b","pele","pele_00317",1,1,1,0
"36","clark","clark_b","pele","pele_00501",0,0,1,1
"37","clark","clark_b","pele","pele_00522",0,0,0,1
"38","clark","clark_b","pele","pele_00575",0,0,1,1
"39","clark","clark_b","pele","pele_00580",0,1,1,1
"40","clark","clark_b","pele","pele_00586",0,1,1,1
"41","clark","clark_c","pele","pele_00510",0,0,1,1
"42","clark","clark_c","pele","pele_00511",0,0,1,1
"43","clark","clark_c","pele","pele_00585",0,1,1,1
"44","clark","clark_d","pele","pele_00597",1,1,1,0
"45","disc","disc_a","pele","pele_01526",1,1,1,1
"46","disc","disc_a","pele","pele_01530",1,1,1,1
"47","disc","disc_a","pele","pele_01531",0,0,1,1
"48","disc","disc_a","pele","pele_01535",1,0,0,1
"49","disc","disc_a","pele","pele_01547",1,1,1,1
"50","disc","disc_a","pele","pele_01581",1,1,1,0
"51","disc","disc_a","pele","pele_01588",1,0,1,1
"52","disc","disc_a","pele","pele_01716",0,1,1,1
"53","disc","disc_b","pele","pele_01548",0,0,1,1
"54","disc","disc_b","pele","pele_01713",0,1,1,1
"55","disc","disc_b","pele","pele_01718",0,1,1,1
"56","disc","disc_c","pele","pele_01204",1,1,1,1
"57","disc","disc_c","pele","pele_01205",1,1,0,0
"58","disc","disc_c","pele","pele_01206",1,1,1,1
"59","disc","disc_c","pele","pele_01540",0,1,1,1
"60","disc","disc_d","pele","pele_01201",1,1,0,1
"61","disc","disc_d","pele","pele_01202",1,1,1,1
"62","disc","disc_d","pele","pele_01203",1,1,1,1
"63","disc","disc_d","pele","pele_01211",0,0,1,0
"64","disc","disc_d","pele","pele_01549",0,1,1,1
"65","expo","expo_a","blca","blca_22203",0,0,0,1
"66","expo","expo_a","pele","pele_00113",0,0,0,1
"67","expo","expo_a","pele","pele_00138",1,1,1,0
"68","expo","expo_a","pele","pele_00533",1,0,0,0
"69","expo","expo_a","pele","pele_00535",1,1,1,0
"70","expo","expo_a","pele","pele_00537",1,0,1,1
"71","expo","expo_a","pele","pele_01576",0,0,1,1
"72","expo","expo_a","pele","pele_01591",0,0,0,1
"73","expo","expo_a","tast","tast_01592",0,0,0,1
"74","expo","expo_b","blca","blca_22204",0,0,0,1
"75","expo","expo_b","pele","pele_00129",1,1,0,1
"76","expo","expo_b","pele","pele_00132",0,0,1,0
"77","expo","expo_b","pele","pele_00133",1,0,0,1
"78","expo","expo_b","pele","pele_00136",1,0,0,0
"79","expo","expo_b","pele","pele_00141",0,0,1,1
"80","expo","expo_b","pele","pele_00147",0,0,1,1
"81","expo","expo_b","pele","pele_00152",0,1,1,1
"82","expo","expo_b","pele","pele_00536",1,0,1,0
"83","expo","expo_b","pele","pele_00558",1,1,0,0
"84","expo","expo_b","pele","pele_01575",0,0,1,0
"85","expo","expo_b","pele","pele_01580",0,0,0,1
"86","expo","expo_c","mipi","mipi_00116",0,0,0,1
"87","expo","expo_c","mipi","mipi_01550",0,0,0,1
"88","expo","expo_c","mipi","mipi_01585",0,0,0,1
"89","expo","expo_c","mipi","mipi_01598",0,0,1,0
"90","expo","expo_c","mipi","mipi_01776",0,1,0,0
"91","expo","expo_c","mipi","mipi_01778",0,1,0,0
"92","expo","expo_c","pele","pele_00000",0,0,1,0
"93","expo","expo_c","pele","pele_00114",0,0,0,1
"94","expo","expo_c","pele","pele_00132",1,1,0,1
"95","expo","expo_c","pele","pele_00142",1,1,0,1
"96","expo","expo_c","pele","pele_00534",1,0,0,0
"97","expo","expo_c","pele","pele_00573",0,1,1,1
"98","expo","expo_c","pele","pele_00777",0,0,0,1
"99","expo","expo_c","pele","pele_01578",0,0,1,1
"100","expo","expo_c","pele","pele_01599",0,0,1,1
"101","expo","expo_c","pele","pele_01600",0,0,1,0
"102","expo","expo_c","pele","pele_01777",0,1,1,0
"103","expo","expo_c","pele","pele_01779",0,1,0,1
"104","expo","expo_c","tast","tast_01586",0,0,0,1
"105","expo","expo_d","mipi","mipi_01582",0,0,1,0
"106","expo","expo_d","mipi","mipi_01597",0,0,1,0
"107","expo","expo_d","pele","pele_00000",0,0,0,1
"108","expo","expo_d","pele","pele_00130",0,1,0,0
"109","expo","expo_d","pele","pele_00131",1,1,1,1
"110","expo","expo_d","pele","pele_00135",1,1,1,0
"111","expo","expo_d","pele","pele_00137",0,1,1,1
"112","expo","expo_d","pele","pele_00139",1,1,1,1
"113","expo","expo_d","pele","pele_00146",1,1,0,0
"114","expo","expo_d","pele","pele_00148",0,1,1,1
"115","expo","expo_d","pele","pele_00532",1,0,1,0
"116","expo","expo_d","pele","pele_00556",1,1,1,1
"117","expo","expo_d","pele","pele_00557",1,1,1,1
"118","expo","expo_d","pele","pele_00560",1,1,1,1
"119","expo","expo_d","pele","pele_00562",1,1,1,1
"120","expo","expo_d","pele","pele_01583",0,0,1,0
"121","expo","expo_d","pele","pele_01596",0,0,0,1
"122","fern","fern_a","pele","pele_01214",1,1,1,0
"123","fern","fern_a","pele","pele_01226",1,1,0,0
"124","fern","fern_a","pele","pele_01228",1,0,0,0
"125","fern","fern_a","pele","pele_01229",1,1,0,0
"126","fern","fern_a","pele","pele_01505",0,0,1,0
"127","fern","fern_a","pele","pele_01511",0,0,1,0
"128","fern","fern_a","pele","pele_01525",0,1,1,0
"129","fern","fern_a","pele","pele_01539",0,1,0,0
"130","fern","fern_a","pele","pele_01544",1,1,1,0
"131","fern","fern_a","pele","pele_01546",1,1,1,0
"132","fern","fern_a","pele","pele_01574",1,1,1,0
"133","fern","fern_a","pele","pele_01753",0,0,0,1
"134","fern","fern_a","pele","pele_01765",0,0,0,1
"135","fern","fern_a","pele","pele_01769",0,0,0,1
"136","fern","fern_a","pele","pele_09902",0,0,0,1
"137","fern","fern_a","tast","tast_01509",0,0,1,0
"138","fern","fern_a","tast","tast_01516",0,0,1,1
"139","fern","fern_a","tast","tast_01517",0,0,1,1
"140","fern","fern_a","tast","tast_01519",0,0,0,1
"141","fern","fern_a","tast","tast_01536",0,1,0,0
"142","fern","fern_b","pele","pele_01207",1,1,1,1
"143","fern","fern_b","pele","pele_01208",0,0,1,0
"144","fern","fern_b","pele","pele_01213",0,1,0,0
"145","fern","fern_b","pele","pele_01221",0,0,0,1
"146","fern","fern_b","pele","pele_01230",0,1,1,1
"147","fern","fern_b","pele","pele_01244",0,0,0,1
"148","fern","fern_c","pele","pele_01210",0,1,0,0
"149","fern","fern_c","pele","pele_01215",0,1,0,0
"150","fern","fern_c","pele","pele_01218",1,0,1,0
"151","fern","fern_c","pele","pele_01227",0,1,1,1
"152","fern","fern_c","pele","pele_01237",0,1,0,1
"153","fern","fern_c","pele","pele_01243",0,1,0,1
"154","fern","fern_c","pele","pele_01533",1,0,0,1
"155","fern","fern_c","pele","pele_01707",1,0,0,1
"156","fern","fern_d","pele","pele_01209",0,1,1,1
"157","fern","fern_d","pele","pele_01212",1,0,1,0
"158","fern","fern_d","pele","pele_01220",0,0,0,1
"159","fern","fern_d","pele","pele_01224",0,1,1,0
"160","fern","fern_d","pele","pele_01225",0,0,0,1
"161","fern","fern_d","pele","pele_01244",0,0,1,0
"162","fern","fern_d","pele","pele_01507",0,0,0,1
"163","fern","fern_d","pele","pele_01521",0,0,0,1
"164","fern","fern_d","pele","pele_01524",0,0,0,1
"165","field station","field station_a","mumu","mumu_00415",0,1,1,0
"166","field station","field station_a","mumu","mumu_00416",0,1,0,0
"167","field station","field station_a","mumu","mumu_00424",1,1,0,1
"168","field station","field station_a","mumu","mumu_00425",1,1,0,1
"169","field station","field station_a","mumu","mumu_00426",1,1,0,1
"170","field station","field station_a","mumu","mumu_00631",0,0,0,1
"171","field station","field station_a","mumu","mumu_00673",0,1,0,0
"172","field station","field station_a","pele","pele_00721",0,0,0,1
"173","field station","field station_a","pele","pele_00748",0,1,0,1
"174","field station","field station_a","pele","pele_00750",1,1,0,1
"175","field station","field station_a","rano","rano_00674",0,1,0,0
"176","field station","field station_a","sihi","sihi_00375",0,0,0,1
"177","field station","field station_a","sihi","sihi_00401",0,0,0,1
"178","field station","field station_a","sihi","sihi_00439",0,0,0,1
"179","field station","field station_a","sihi","sihi_00651",0,1,1,0
"180","field station","field station_a","sihi","sihi_00677",1,0,1,0
"181","field station","field station_a","sihi","sihi_00678",1,1,1,1
"182","field station","field station_a","sihi","sihi_00736",0,0,1,0
"183","field station","field station_b","blca","blca_09903",1,0,0,0
"184","field station","field station_b","pele","pele_00423",1,1,1,1
"185","field station","field station_b","pele","pele_00435",0,0,0,1
"186","field station","field station_b","pele","pele_00722",0,1,0,0
"187","field station","field station_b","pele","pele_00753",1,1,0,0
"188","field station","field station_c","pele","pele_00025",0,1,1,1
"189","field station","field station_c","pele","pele_00411",0,1,0,1
"190","field station","field station_c","pele","pele_00422",1,1,1,1
"191","field station","field station_c","pele","pele_00720",0,1,0,0
"192","field station","field station_c","pele","pele_00721",0,1,0,0
"193","field station","field station_c","pele","pele_00722",0,0,0,1
"194","field station","field station_c","pele","pele_00723",0,1,1,1
"195","field station","field station_c","scca","scca_00000",0,1,0,0
"196","field station","field station_c","tast","tast_00774",1,0,1,0
"197","field station","field station_d","blca","blca_09904",0,1,0,0
"198","field station","field station_d","pele","pele_00696",0,1,1,0
"199","field station","field station_d","pele","pele_00727",0,1,0,0
"200","field station","field station_d","pele","pele_00729",1,0,0,1
"201","field station","field station_d","pele","pele_00744",1,0,0,1
"202","field station","field station_d","pele","pele_00800",1,1,0,0
"203","field station","field station_d","rano","rano_00024",0,1,0,0
"204","field station","field station_d","rano","rano_00420",0,0,0,1
"205","field station","field station_d","tast","tast_0000?",0,0,1,0
"206","field station","field station_d","tast","tast_00438",0,0,1,1
"207","field station","field station_d","tast","tast_00743",0,0,0,1
"208","field station","field station_e","pele","pele_00000",1,0,0,0
"209","field station","field station_e","pele","pele_00402",0,1,1,1
"210","field station","field station_e","pele","pele_00410",0,1,0,0
"211","field station","field station_e","pele","pele_00419",1,1,1,0
"212","field station","field station_e","pele","pele_00421",1,1,1,0
"213","field station","field station_e","pele","pele_00737",0,1,0,0
"214","field station","field station_e","pele","pele_00751",1,0,1,0
"215","field station","field station_e","pele","pele_00782",1,1,1,1
"216","field station","field station_e","pele","pele_00783",1,1,1,1
"217","field station","field station_e","pele","pele_00791",0,0,0,1
"218","field station","field station_e","pele","pele_00799",1,1,0,1
"219","field station","field station_e","rano","rano_00024",1,0,0,0
"220","field station","field station_e","rano","rano_00630",0,0,1,0
"221","field station","field station_e","rano","rano_00719",0,1,0,0
"222","field station","field station_e","tast","tast_00000",0,0,0,1
"223","field station","field station_e","tast","tast_00407",0,1,1,1
"224","field station","field station_e","tast","tast_00417",0,1,1,1
"225","field station","field station_e","tast","tast_00418",0,0,0,1
"226","fraz","fraz_a","mipi","mipi_00143",0,0,0,1
"227","fraz","fraz_a","mipi","mipi_09905",1,0,0,0
"228","fraz","fraz_a","pele","pele_00126",0,0,1,1
"229","fraz","fraz_a","pele","pele_00127",0,0,1,1
"230","fraz","fraz_a","pele","pele_00140",0,0,0,1
"231","fraz","fraz_a","pele","pele_00150",0,0,1,1
"232","fraz","fraz_a","pele","pele_00179",1,0,1,1
"233","fraz","fraz_a","pele","pele_00180",1,0,0,0
"234","fraz","fraz_a","pele","pele_00183",1,1,0,0
"235","fraz","fraz_a","pele","pele_00195",1,1,1,1
"236","fraz","fraz_a","pele","pele_00200",1,0,1,1
"237","fraz","fraz_a","pele","pele_00530",0,0,1,1
"238","fraz","fraz_a","pele","pele_00539",0,0,1,1
"239","fraz","fraz_a","pele","pele_00542",0,1,0,0
"240","fraz","fraz_a","pele","pele_00551",0,0,1,0
"241","fraz","fraz_a","pele","pele_00552",0,0,0,1
"242","fraz","fraz_a","pele","pele_00559",0,0,1,0
"243","fraz","fraz_a","pele","pele_00568",1,1,1,0
"244","fraz","fraz_a","pele","pele_00569",1,1,0,1
"245","fraz","fraz_a","pele","pele_00571",1,1,0,1
"246","fraz","fraz_a","pele","pele_00572",1,1,1,1
"247","fraz","fraz_a","pele","pele_00574",1,0,0,0
"248","fraz","fraz_b","mipi","mipi_00186",0,1,0,1
"249","fraz","fraz_b","mipi","mipi_00548",1,0,0,0
"250","fraz","fraz_b","pele","pele_00182",0,1,1,1
"251","fraz","fraz_b","pele","pele_00189",1,1,0,1
"252","fraz","fraz_b","pele","pele_00193",1,1,1,1
"253","fraz","fraz_b","pele","pele_00545",0,1,0,1
"254","fraz","fraz_c","blca","blca_09907",0,1,0,1
"255","fraz","fraz_c","blca","blca_22205",0,1,0,0
"256","fraz","fraz_c","blca","blca_22206",0,0,0,1
"257","fraz","fraz_c","mipi","mipi_00123",0,0,0,1
"258","fraz","fraz_c","mipi","mipi_00125",0,0,0,1
"259","fraz","fraz_c","mipi","mipi_00128",0,0,1,0
"260","fraz","fraz_c","mipi","mipi_00538",0,0,1,0
"261","fraz","fraz_c","mipi","mipi_09906",1,0,0,0
"262","fraz","fraz_c","pele","pele_00124",0,0,0,1
"263","fraz","fraz_c","pele","pele_00199",0,1,0,1
"264","fraz","fraz_c","pele","pele_00593",1,0,1,0
"265","fraz","fraz_c","pele","pele_00645",0,0,0,1
"266","fraz","fraz_c","scca","scca_00531",0,0,1,0
"267","fraz","fraz_d","blca","blca_22207",0,0,1,0
"268","fraz","fraz_d","pele","pele_00188",0,1,0,0
"269","fraz","fraz_d","pele","pele_00191",1,1,1,0
"270","fraz","fraz_d","pele","pele_00198",0,1,0,0
"271","fraz","fraz_d","pele","pele_00358",0,1,0,0
"272","fraz","fraz_d","pele","pele_00529",0,0,0,1
"273","fraz","fraz_d","pele","pele_00541",0,1,1,1
"274","fraz","fraz_d","pele","pele_00543",1,1,0,1
"275","fraz","fraz_d","pele","pele_00545",1,0,0,0
"276","fraz","fraz_d","pele","pele_00546",1,1,0,0
"277","fraz","fraz_d","pele","pele_00547",1,0,0,0
"278","fraz","fraz_d","pele","pele_00570",1,1,0,1
"279","fraz","fraz_d","tast","tast_00145",0,0,1,0
"280","fraz","fraz_d","tast","tast_00168",1,0,0,0
"281","fraz","fraz_d","tast","tast_00540",0,1,0,1
"282","fraz","fraz_d","tast","tast_00544",0,1,0,0
"283","fraz","fraz_d","tast","tast_00566",0,1,0,0
"284","gate","gate_a","ocnu","ocnu_00395",1,0,0,0
"285","gate","gate_a","pele","pele_00389",0,1,0,0
"286","gate","gate_a","pele","pele_00595",1,0,0,0
"287","gate","gate_b","pele","pele_00576",0,0,1,1
"288","gate","gate_b","pele","pele_00594",1,1,1,0
"289","gate","gate_d","pele","pele_00386",0,1,0,0
"290","hb","hb_a","rehu","rehu_00000",0,0,0,1
"291","hb","hb_a","rehu","rehu_00187",0,0,0,1
"292","hb","hb_a","rehu","rehu_00709",0,0,1,0
"293","hb","hb_a","sihi","sihi_00178",0,0,0,1
"294","hb","hb_b","rehu","rehu_00524",0,0,1,1
"295","hb","hb_b","sihi","sihi_00507",1,0,0,0
"296","hb","hb_b","sihi","sihi_00515",1,0,0,0
"297","hb","hb_b","sihi","sihi_00516",1,1,0,0
"298","hb","hb_b","sihi","sihi_00590",0,0,0,1
"299","hb","hb_c","rehu","rehu_000na",1,0,0,0
"300","hb","hb_c","rehu","rehu_00506",0,0,1,0
"301","hb","hb_c","rehu","rehu_00509",0,1,0,0
"302","hb","hb_c","rehu","rehu_00527",0,0,0,1
"303","hb","hb_d","rehu","rehu_00185",0,0,0,1
"304","hb","hb_d","rehu","rehu_00454",0,0,1,0
"305","hb","hb_d","rehu","rehu_00456",0,0,1,0
"306","hb","hb_d","rehu","rehu_00528",0,0,0,1
"307","hb","hb_d","rehu","rehu_00600",0,0,1,0
"308","liz","liz_b","sihi","sihi_00075",0,1,0,0
"309","liz","liz_c","sihi","sihi_01595",0,0,1,1
"310","liz","liz_c","tast","tast_01589",0,0,0,1
"311","liz","liz_d","sihi","sihi_00075",0,0,0,1
"312","liz","liz_d","sihi","sihi_01703",1,0,0,0
"313","main","main_a","pele","pele_00305",1,0,1,0
"314","main","main_a","pele","pele_00331",0,0,1,1
"315","main","main_a","pele","pele_00354",0,1,1,1
"316","main","main_a","pele","pele_00377",0,1,0,0
"317","main","main_a","pele","pele_00455",0,1,1,1
"318","main","main_a","pele","pele_00457",0,1,0,1
"319","main","main_a","pele","pele_00482",1,0,1,0
"320","main","main_a","pele","pele_00486",1,0,0,1
"321","main","main_a","pele","pele_00495",0,1,1,1
"322","main","main_a","pele","pele_00713",0,0,1,0
"323","main","main_b","mipi","mipi_00767",0,0,0,1
"324","main","main_b","mipi","mipi_09908",0,0,1,0
"325","main","main_b","sihi","sihi_00378",0,1,0,0
"326","main","main_b","sihi","sihi_00452",0,1,0,0
"327","main","main_b","sihi","sihi_00712",0,0,0,1
"328","main","main_b","sihi","sihi_09910",0,0,0,1
"329","main","main_c","pele","pele_00307",1,1,1,0
"330","main","main_c","pele","pele_00312",1,0,0,1
"331","main","main_c","pele","pele_00334",0,1,0,0
"332","main","main_c","pele","pele_00338",0,0,1,0
"333","main","main_c","pele","pele_00360",0,0,1,0
"334","main","main_c","pele","pele_00379",0,1,0,0
"335","main","main_c","pele","pele_00470",1,1,0,0
"336","main","main_c","pele","pele_00483",0,1,1,1
"337","main","main_c","pele","pele_00491",1,1,1,1
"338","main","main_c","pele","pele_00492",1,1,1,1
"339","main","main_c","pele","pele_00498",1,1,1,1
"340","main","main_d","pele","pele_00352",0,1,1,1
"341","main","main_d","pele","pele_00357",1,0,1,1
"342","main","main_d","pele","pele_00360",1,1,0,0
"343","main","main_d","pele","pele_00397",0,1,0,1
"344","main","main_d","pele","pele_00453",1,1,1,0
"345","main","main_d","pele","pele_00466",0,1,0,0
"346","main","main_d","pele","pele_00480",0,1,0,0
"347","mars","mars_a","pele","pele_00432",1,1,0,0
"348","mars","mars_a","pele","pele_00481",0,0,0,1
"349","mars","mars_a","tast","tast_00440",1,1,1,0
"350","mars","mars_b","pele","pele_00405",1,0,1,1
"351","mars","mars_b","pele","pele_00406",1,0,0,0
"352","mars","mars_b","pele","pele_00412",1,1,0,1
"353","mars","mars_b","pele","pele_00472",1,0,0,0
"354","mars","mars_b","pele","pele_00592",1,0,0,1
"355","mars","mars_c","pele","pele_00313",0,0,1,0
"356","mars","mars_c","pele","pele_00321",0,1,0,0
"357","mars","mars_c","pele","pele_00409",1,1,0,0
"358","mars","mars_c","pele","pele_00446",1,0,1,0
"359","mars","mars_c","pele","pele_00473",1,1,1,1
"360","mars","mars_c","pele","pele_00479",0,1,1,0
"361","mars","mars_c","pele","pele_00695",0,0,1,0
"362","mars","mars_c","tast","tast_00326",0,1,0,1
"363","nance","nance_a","pele","pele_00000",0,1,0,0
"364","nance","nance_a","pele","pele_00348",0,1,1,1
"365","nance","nance_a","pele","pele_00366",0,1,1,0
"366","nance","nance_a","pele","pele_00368",0,0,0,1
"367","nance","nance_a","pele","pele_00478",0,0,0,1
"368","nance","nance_a","pele","pele_00703",0,1,1,1
"369","nance","nance_a","pele","pele_00704",0,1,0,1
"370","nance","nance_b","pele","pele_00347",0,1,0,1
"371","nance","nance_b","pele","pele_00349",0,0,1,0
"372","nance","nance_b","pele","pele_00363",0,0,1,0
"373","nance","nance_b","pele","pele_00400",1,0,0,0
"374","nance","nance_b","pele","pele_00488",0,0,0,1
"375","nance","nance_b","pele","pele_00500",0,0,1,0
"376","nance","nance_c","pele","pele_00044",0,0,1,0
"377","nance","nance_c","pele","pele_00309",0,0,0,1
"378","nance","nance_c","pele","pele_00311",0,0,0,1
"379","nance","nance_c","pele","pele_00324",1,1,1,1
"380","nance","nance_c","pele","pele_00325",1,0,0,0
"381","nance","nance_c","pele","pele_00350",1,0,1,0
"382","nance","nance_c","pele","pele_00351",0,0,1,0
"383","nance","nance_c","pele","pele_00364",0,0,1,1
"384","nance","nance_c","pele","pele_00367",0,1,0,0
"385","nance","nance_c","pele","pele_00369",0,1,1,1
"386","nance","nance_c","pele","pele_00370",1,0,0,0
"387","nance","nance_c","pele","pele_00371",1,0,0,0
"388","nance","nance_c","pele","pele_00372",1,1,1,1
"389","nance","nance_c","pele","pele_00373",1,1,1,1
"390","nance","nance_c","pele","pele_00403",1,1,0,0
"391","nance","nance_c","pele","pele_00408",1,0,1,0
"392","nance","nance_c","pele","pele_00414",0,1,0,1
"393","nance","nance_c","pele","pele_00429",1,1,0,0
"394","nance","nance_c","pele","pele_00436",0,1,0,0
"395","nance","nance_c","pele","pele_00437",0,0,1,0
"396","nance","nance_c","pele","pele_00441",1,1,1,1
"397","nance","nance_c","pele","pele_00442",1,0,1,1
"398","nance","nance_c","pele","pele_00444",0,0,0,1
"399","nance","nance_c","pele","pele_00445",1,1,1,1
"400","nance","nance_c","pele","pele_00447",1,1,1,1
"401","nance","nance_c","pele","pele_00449",1,0,0,0
"402","nance","nance_c","pele","pele_00485",0,0,0,1
"403","nance","nance_c","pele","pele_00493",0,0,0,1
"404","nance","nance_c","pele","pele_00499",0,0,0,1
"405","nance","nance_c","pele","pele_00549",1,0,0,1
"406","nance","nance_c","pele","pele_00550",1,1,0,1
"407","nance","nance_c","pele","pele_00591",0,1,0,0
"408","nance","nance_d","pele","pele_00322",0,1,0,1
"409","nance","nance_d","pele","pele_00323",0,1,1,1
"410","nance","nance_d","pele","pele_00345",0,1,1,1
"411","nance","nance_d","pele","pele_00346",0,1,1,1
"412","nance","nance_d","pele","pele_00404",0,0,1,0
"413","nance","nance_d","pele","pele_00484",0,0,0,1
"414","nance","nance_d","pele","pele_00604",0,1,1,1
"415","nance","nance_d","pele","pele_00606",0,1,0,0
"416","nance","nance_d","pele","pele_00611",0,1,0,1
"417","nance","nance_d","pele","pele_00634",0,1,0,1
"418","nance","nance_d","pele","pele_00658",0,1,1,1
"419","nance","nance_d","pele","pele_00733",0,1,0,0
"420","nance","nance_d","pele","pele_00760",0,1,0,0
"421","nance","nance_d","tast","tast_00344",0,1,0,0
"422","nance","nance_d","tast","tast_00431",0,0,1,0
"423","noon","noon_a","pele","pele_00000",1,0,0,0
"424","noon","noon_a","pele","pele_01701",0,0,0,1
"425","noon","noon_a","pele","pele_01712",0,0,0,1
"426","noon","noon_a","pele","pele_01715",0,0,0,1
"427","noon","noon_a","pele","pele_01720",0,0,0,1
"428","noon","noon_a","pele","pele_01735",0,1,1,0
"429","noon","noon_a","pele","pele_01736",0,0,1,0
"430","noon","noon_a","pele","pele_01740",0,0,1,0
"431","noon","noon_a","pele","pele_01741",0,0,1,1
"432","noon","noon_a","pele","pele_01748",0,1,0,0
"433","noon","noon_a","pele","pele_01749",0,0,1,1
"434","noon","noon_a","pele","pele_01785",1,0,0,1
"435","noon","noon_a","pele","pele_01788",1,0,1,0
"436","noon","noon_a","pele","pele_01793",1,0,0,0
"437","noon","noon_a","pele","pele_01794",1,1,1,1
"438","noon","noon_a","rano","rano_01789",1,1,0,0
"439","noon","noon_b","glvo","glvo_01709",0,0,0,1
"440","noon","noon_b","glvo","glvo_01786",0,0,1,0
"441","noon","noon_b","pele","pele_01710",0,0,1,1
"442","noon","noon_b","pele","pele_01711",0,0,0,1
"443","noon","noon_b","pele","pele_01719",0,0,0,1
"444","noon","noon_b","pele","pele_01720",1,0,0,0
"445","noon","noon_b","pele","pele_01726",1,1,1,0
"446","noon","noon_b","pele","pele_01727",1,1,1,1
"447","noon","noon_b","pele","pele_01728",0,1,0,1
"448","noon","noon_b","pele","pele_01729",1,1,1,0
"449","noon","noon_b","pele","pele_01730",1,0,1,0
"450","noon","noon_b","pele","pele_01731",1,0,1,0
"451","noon","noon_b","pele","pele_01739",0,0,1,1
"452","noon","noon_b","pele","pele_01745",0,0,1,0
"453","noon","noon_b","pele","pele_01790",1,0,1,1
"454","noon","noon_b","pele","pele_01791",1,0,1,1
"455","noon","noon_b","pele","pele_01792",1,1,1,0
"456","noon","noon_b","tast","tast_01772",0,1,1,1
"457","noon","noon_c","pele","pele_01702",0,0,1,0
"458","noon","noon_c","pele","pele_01704",0,0,1,1
"459","noon","noon_c","pele","pele_01705",0,0,1,1
"460","noon","noon_c","pele","pele_01708",0,0,0,1
"461","noon","noon_c","pele","pele_01714",0,0,0,1
"462","noon","noon_c","pele","pele_01721",0,1,0,1
"463","noon","noon_c","pele","pele_01732",1,1,1,1
"464","noon","noon_c","pele","pele_01738",0,1,0,1
"465","noon","noon_c","pele","pele_01770",0,0,1,0
"466","noon","noon_c","pele","pele_01771",1,1,1,1
"467","noon","noon_c","pele","pele_01773",1,0,0,0
"468","noon","noon_c","pele","pele_01774",1,0,1,1
"469","noon","noon_c","pele","pele_01775",1,0,1,1
"470","noon","noon_c","pele","pele_01787",0,1,1,1
"471","noon","noon_c","tast","tast_01733",1,0,1,0
"472","noon","noon_d","pele","pele_01785",0,0,1,1
"473","noon","noon_d","pele","pele_01795",0,0,1,1
"474","noon","noon_d","rano","rano_01800",1,1,0,1
"475","noon","noon_d","sihi","sihi_00000",0,0,0,1
"476","noon","noon_d","sihi","sihi_01706",0,0,0,1
"477","noon","noon_d","sihi","sihi_01722",0,0,1,0
"478","noon","noon_d","sihi","sihi_01724",0,0,1,1
"479","noon","noon_d","sihi","sihi_01734",0,0,1,1
"480","noon","noon_d","sihi","sihi_01737",0,0,1,0
"481","noon","noon_d","sihi","sihi_01742",0,1,1,1
"482","noon","noon_d","sihi","sihi_01743",0,0,1,0
"483","noon","noon_d","sihi","sihi_01744",0,1,1,1
"484","noon","noon_d","sihi","sihi_01747",0,1,1,0
"485","noon","noon_d","sihi","sihi_01750",0,0,1,0
"486","noon","noon_d","sihi","sihi_01781",0,0,1,0
"487","noon","noon_d","sihi","sihi_01782",1,0,1,1
"488","noon","noon_d","sihi","sihi_01783",1,0,0,1
"489","noon","noon_d","sihi","sihi_01784",1,1,0,1
"490","noon","noon_d","sihi","sihi_01796",1,0,0,1
"491","noon","noon_d","sihi","sihi_01797",1,1,1,1
"492","noon","noon_d","sihi","sihi_01798",1,0,1,1
"493","noon","noon_d","sihi","sihi_01799",1,1,1,0
"494","pass","pass_a","pele","pele_00051",1,0,1,1
"495","pass","pass_c","pele","pele_00330",0,0,1,1
"496","pegg","pegg_a","divi","divi_01248",1,0,0,0
"497","pegg","pegg_b","ocnu","ocnu_01222",0,0,1,0
"498","pegg","pegg_b","rano","rano_09911",0,0,0,1
"499","pegg","pegg_d","pele","pele_00000",1,0,0,0
"500","pegg","pegg_d","pele","pele_01217",1,1,1,0
"501","pegg","pegg_d","pele","pele_01232",0,1,1,0
"502","pegg","pegg_d","pele","pele_01239",0,0,1,0
"503","pickle","pickle_a","pego","pego_00196",0,0,1,1
"504","pickle","pickle_a","pego","pego_00342",0,1,0,0
"505","pickle","pickle_a","pego","pego_00602",0,0,0,1
"506","pickle","pickle_a","pele","pele_00526",0,0,0,1
"507","pickle","pickle_a","rehu","rehu_00520",0,1,0,0
"508","pickle","pickle_a","sihi","sihi_00669",0,0,0,1
"509","pickle","pickle_b","pego","pego_00160",0,0,1,1
"510","pickle","pickle_b","pele","pele_00176",0,1,0,0
"511","pickle","pickle_b","pele","pele_00184",0,0,1,1
"512","pickle","pickle_b","pele","pele_00381",0,1,1,1
"513","pickle","pickle_b","pele","pele_00385",0,1,1,1
"514","pickle","pickle_c","pego","pego_00192",0,0,0,1
"515","pickle","pickle_c","pego","pego_00380",0,1,0,1
"516","pickle","pickle_c","pele","pele_00154",1,1,0,1
"517","pickle","pickle_c","pele","pele_00156",0,1,1,1
"518","pickle","pickle_c","pele","pele_00181",0,0,1,0
"519","pickle","pickle_c","pele","pele_00194",0,0,1,0
"520","pickle","pickle_d","sihi","sihi_00190",0,0,0,1
"521","pickle","pickle_d","sihi","sihi_00197",0,0,0,1
"522","pickle","pickle_d","sihi","sihi_00240",1,0,0,0
"523","pickle","pickle_d","sihi","sihi_00359",0,0,1,0
"524","pond","pond_a","pego","pego_00165",0,1,0,0
"525","pond","pond_b","blca","blca_22202",0,1,0,0
"526","pond","pond_b","mipi","mipi_33301",0,0,1,0
"527","pond","pond_b","mipi","mipi_33302",0,0,1,0
"528","pond","pond_b","pego","pego_00328",0,0,1,1
"529","pond","pond_b","sihi","sihi_00384",1,0,0,1
"530","pond","pond_b","sihi","sihi_00521",0,0,0,1
"531","pond","pond_c","sihi","sihi_00151",0,1,0,0
"532","pond","pond_c","sihi","sihi_00153",0,0,1,0
"533","pond","pond_c","sihi","sihi_00155",0,0,1,0
"534","pond","pond_c","sihi","sihi_00158",0,0,1,0
"535","pond","pond_c","sihi","sihi_00159",0,0,1,0
"536","pond","pond_c","sihi","sihi_00169",0,0,0,1
"537","pond","pond_c","sihi","sihi_00171",0,0,1,1
"538","pond","pond_c","sihi","sihi_00301",0,1,0,0
"539","pond","pond_c","sihi","sihi_00316",0,1,1,1
"540","pond","pond_c","sihi","sihi_00319",0,0,1,0
"541","pond","pond_c","sihi","sihi_00329",0,0,1,0
"542","pond","pond_c","sihi","sihi_00332",0,0,1,0
"543","pond","pond_c","sihi","sihi_00337",0,1,1,1
"544","pond","pond_c","sihi","sihi_00356",0,0,1,0
"545","pond","pond_c","sihi","sihi_00387",0,0,1,1
"546","pond","pond_c","sihi","sihi_00388",0,1,0,0
"547","pond","pond_c","sihi","sihi_00392",0,1,0,0
"548","pond","pond_c","sihi","sihi_00505",0,1,0,0
"549","pond","pond_c","sihi","sihi_00508",0,1,1,0
"550","pond","pond_c","sihi","sihi_00512",0,1,0,1
"551","pond","pond_c","sihi","sihi_00514",1,1,0,1
"552","pond","pond_c","sihi","sihi_00518",0,1,1,0
"553","pond","pond_c","sihi","sihi_00521",0,1,1,0
"554","pond","pond_c","sihi","sihi_00523",1,0,0,0
"555","pond","pond_c","sihi","sihi_00525",1,0,0,0
"556","pond","pond_c","sihi","sihi_00731",0,0,0,1
"557","pond","pond_d","pego","pego_00314",0,0,1,1
"558","pond","pond_d","pego","pego_00503",0,1,0,0
"559","pond","pond_d","pego","pego_00517",1,1,0,0
"560","pond","pond_d","pele","pele_00164",0,0,1,1
"561","pond","pond_d","pele","pele_00517",0,0,0,1
"562","pond","pond_d","pele","pele_00605",0,0,0,1
"563","pond","pond_d","pele","pele_00717",0,0,0,1
"564","pond","pond_d","sihi","sihi_00512",0,0,1,0
"565","rags","rags_a","pele","pele_00394",0,0,0,1
"566","rags","rags_a","pele","pele_00461",0,0,1,0
"567","rags","rags_a","pele","pele_00462",0,1,0,0
"568","rags","rags_a","pele","pele_00465",0,0,1,0
"569","rags","rags_a","pele","pele_00467",0,0,1,0
"570","rags","rags_a","pele","pele_00468",1,0,0,0
"571","rags","rags_a","pele","pele_00581",0,0,0,1
"572","rags","rags_b","pele","pele_00308",1,1,1,0
"573","rags","rags_b","pele","pele_00327",0,1,1,0
"574","rags","rags_b","pele","pele_00460",0,0,1,0
"575","rags","rags_b","pele","pele_00461",0,0,1,1
"576","rags","rags_b","pele","pele_00464",1,1,1,0
"577","rags","rags_b","pele","pele_00465",0,0,1,0
"578","rags","rags_b","pele","pele_00469",0,1,0,1
"579","rags","rags_c","pele","pele_00000",1,0,0,0
"580","rags","rags_c","pele","pele_00458",1,0,1,0
"581","rags","rags_c","pele","pele_00463",0,0,1,1
"582","rags","rags_c","pele","pele_00471",0,0,1,0
"583","rags","rags_c","pele","pele_00489",0,1,0,0
"584","rags","rags_c","pele","pele_00583",0,0,0,1
"585","rags","rags_d","divi","divi_00459",1,0,0,0
"586","rags","rags_d","glvo","glvo_09912",0,1,0,0
"587","rags","rags_d","pele","pele_000na",0,0,1,0
"588","rags","rags_d","pele","pele_00448",1,0,1,0
"589","rags","rags_d","scca","scca_09913",0,0,0,1
"590","rags","rags_d","tast","tast_00335",0,1,0,1
"591","rags","rags_d","tast","tast_00336",0,1,1,1
"592","rot","rot_a","pele","pele_01515",1,0,1,0
"593","rot","rot_a","pele","pele_01780",0,1,0,0
"594","rot","rot_b","pele","pele_01755",0,0,1,0
"595","rot","rot_c","pele","pele_01503",1,0,0,0
"596","rot","rot_c","pele","pele_01584",0,1,1,1
"597","rot","rot_d","pele","pele_01503",0,0,1,0
"598","rot","rot_d","pele","pele_01514",0,0,1,0
"599","rot","rot_d","pele","pele_01518",1,0,0,0
"600","rot","rot_d","pele","pele_01542",1,1,1,1
"601","rot","rot_d","pele","pele_01584",1,0,0,0
"602","rot","rot_d","pele","pele_01760",0,0,0,1
"603","rot","rot_d","pele","pele_01761",0,1,0,0
"604","terr","terr_a","rano","rano_01768",0,1,0,0
"605","terr","terr_a","tast","tast_01510",0,0,0,1
"606","terr","terr_b","pele","pele_01762",1,1,0,0
"607","terr","terr_c","pele","pele_01762",0,0,1,0
"608","terr","terr_c","pele","pele_01767",0,1,0,1
"609","zion","zion_a","pele","pele_01236",0,1,0,0
"610","zion","zion_a","pele","pele_01245",1,1,1,0
"611","zion","zion_a","pele","pele_01577",0,1,1,1
"612","zion","zion_c","pele","pele_01223",1,1,1,0
"613","zion","zion_c","pele","pele_01532",0,1,0,1
"614","zion","zion_c","pele","pele_01537",1,0,1,0
"615","zion","zion_c","pele","pele_01543",0,0,1,0
"616","zion","zion_c","pele","pele_01593",0,0,0,1
"617","zion","zion_c","pele","pele_01594",0,0,0,1
