"site","pele","blca","glvo","mipi","mumu","ocnu","pego","rano","rehu","scca","sihi","tast"
"beach",7.06,1,0,0,0,0,0,0,0,0,0,0
"cb",0,0,0,0,0,0,1,0,0,0,1,0
"clark",13.704,0,0,0,0,0,0,0,0,0,0,0
"disc",13.816,0,0,0,0,0,0,0,0,0,0,0
"expo",26.087,1,0,1,0,0,0,0,0,0,0,1
"fern",20.331,0,0,0,0,0,0,0,0,0,0,1
"field",21.331,1,0,0,1,0,0,1,0,1,1,1
"fraz",21.432,1,0,1,0,0,0,0,0,1,0,1
"gate",3.189,0,0,0,0,1,0,0,0,0,0,0
"hb",0,0,0,0,0,0,0,0,1,0,1,0
"liz",0,0,0,0,0,0,0,0,0,0,1,1
"main",17.454,0,0,1,0,0,0,0,0,0,1,0
"mars",7.737,0,0,0,0,0,0,0,0,0,0,1
"nance",21.595,0,0,0,0,0,0,0,0,0,0,1
"noon",38.483,0,1,0,0,0,0,1,0,0,1,1
"pass",1.156,0,0,0,0,0,0,0,0,0,0,0
"pegg",3.696,0,0,0,0,1,0,1,0,0,0,0
"pickle",5.888,0,0,0,0,0,1,0,1,0,1,0
"pond",2.857,1,0,1,0,0,1,0,0,0,1,0
"rags",11.979,0,1,0,0,0,0,0,0,1,0,1
"rot",7.982,0,0,0,0,0,0,0,0,0,0,0
"terr",2.321,0,0,0,0,0,0,1,0,0,0,1
"zion",5.142,0,0,0,0,0,0,0,0,0,0,0
