"site","areaha","shape","age","perim","island","imp","forest","dev","tree","open","popden","povrate","human"
"beach",25.84,1.219411716,74,34.3,0,7.447019868,55,30.1,63.49834983,12.6,0.773137065,2.8,0.33462957053988
"cb",33.82,0.998448787,9,42.2,10,3.520689655,30,19,27.87241379,51,0.097893703,3.8,0.39839947806748
"clark",158.57,1.846428981,20,0,0,23.90582524,18.6,55.7,30.53404669,2.2,2.320026877,20.1,0.634920684744717
"disc",29.52,1.287360026,25,21.1,30,21.81791045,13.7,45.7,33.17910448,0.6,1.614173221,18.5,0.640314852586353
"expo",18.74,1.197464732,64,0,40,40.51750973,21,77,35.93774319,0,3.254626842,44.7,0.80982817215967
"fern",31.47,1.163124745,84,0,160,15.24358974,8.7,91.3,50.30448718,0,6.682629518,2.2,0.653274990266959
"field",12.02,1.112523057,22,3.2,390,36.20574163,2.9,97.1,25.71770335,0,8.968305317,11.8,0.915753132680494
"fraz",7.96,1.014242601,69,0,90,11.67721519,15.2,84.8,60.09493671,0,15.69042057,5.1,0.641864095540155
"gate",39.1,1.045086869,74,45,0,0.807453416,65.8,11.8,63.8136646,0.6,0.030022126,2.8,0.253855461533076
"hb",56.22,1.086250828,9,26.4,0,4.010204082,50,27.3,42.74234694,22.7,1.016243034,3.8,0.329692984535285
"liz",24.21,1.172305417,25,30.8,430,26.33564014,26,55,32.07266436,1.4,2.430590608,10.6,0.689726847076731
"main",36.28,1.266879116,31,25.6,15,17.98250729,22.7,63,34.86297376,0.9,0.926241603,4.1,0.48728399984507
"mars",38.58,1.106639621,31,8,40,23.28307692,37.5,60,45,0.3,3.609856799,3.4,0.64949236844034
"nance",52.44,1.822472958,23,0,40,31.35272045,5.1,94.6,32.01125704,0,11.45052153,3.4,0.857334008394252
"noon",75.95,1.801436197,46,2.4,30,22.04432133,10.1,84.9,44.40082645,0,9.874085309,7.7,0.664060754942797
"pass",47.86,1.580489509,69,15.3,10,1.872146119,16,7.8,15.61731207,0.9,0.203494618,19.7,0.403504479271888
"pegg",5.85,1.112959855,46,30.6,75,29.51633987,34,66,47.37254902,0,4.692207076,36.8,0.753992145815785
"pickle",52.02,1.444057713,18,17.3,15,14.31771894,14.9,40.5,22.56707317,39.3,0.139764695,5.5,0.470081376954396
"pond",46.2,1.027377003,5,14,0,0.655487805,24.4,4,38.99696049,38.4,0.155192243,3.8,0.239105265944239
"rags",19.49,1.321148157,46,0,10,13.25830258,29.2,59.4,39.24074074,1.5,2.689671951,4.1,0.538660319359474
"rot",12.98,1.296622054,64,1.1,20,32.34513274,4.9,95.1,32.34361233,0,2.977449682,14.1,0.837394572594026
"terr",13.84,1.289561212,46,3.6,35,53.15929204,0,100,27.90265487,0,16.8231702,12.7,0.923237970537517
"zion",18.22,1.443651204,46,0,370,29,9,91,41.17475728,0,17.6476939,16.3,0.81372774673803
